date,ad_id,campaign,fb_campaign_id,age,gender,interest,Impressions,Clicks,Spent,Total_Conversion,Approved_Conversion
2021-01-01,708746,Campaign A,103916,30-34,Male,15,7350,1,1.429999948,2,1
2021-01-02,708749,Campaign A,103917,30-34,Male,16,17861,2,1.820000023,2,0
2021-01-03,708771,Campaign A,103920,30-34,Male,20,693,0,0,1,0
2021-01-04,708815,Campaign A,103928,30-34,Male,28,4259,1,1.25,1,0
2021-01-05,708818,Campaign A,103928,30-34,Male,28,4133,1,1.289999962,1,1
2021-01-06,708820,Campaign A,103929,30-34,Male,29,1915,0,0,1,1
2021-01-07,708889,Campaign A,103940,30-34,Male,15,15615,3,4.769999981,1,0
2021-01-08,708895,Campaign A,103941,30-34,Male,16,10951,1,1.269999981,1,1
2021-01-09,708953,Campaign A,103951,30-34,Male,27,2355,1,1.5,1,0
2021-01-10,708958,Campaign A,103952,30-34,Male,28,9502,3,3.159999967,1,0
2021-01-11,708979,Campaign A,103955,30-34,Male,31,1224,0,0,1,0
2021-01-12,709023,Campaign A,103962,30-34,Male,7,735,0,0,1,0
2021-01-13,709038,Campaign A,103965,30-34,Male,16,5117,0,0,1,0
2021-01-14,709040,Campaign A,103965,30-34,Male,16,5120,0,0,1,0
2021-01-15,709059,Campaign A,103968,30-34,Male,20,14669,7,10.28000021,1,1
2021-01-16,709105,Campaign A,103976,30-34,Male,28,1241,0,0,1,1
2021-01-17,709115,Campaign A,103978,30-34,Male,30,2305,1,0.569999993,1,0
2021-01-18,709124,Campaign A,103979,30-34,Male,31,1024,0,0,1,1
2021-01-19,709179,Campaign A,103988,35-39,Male,15,4627,1,1.690000057,1,0
2021-01-20,709183,Campaign A,103989,35-39,Male,16,21026,4,4.630000114,2,1
2021-01-21,709320,Campaign A,104012,35-39,Male,15,1422,0,0,1,1
2021-01-22,709323,Campaign A,104012,35-39,Male,15,7132,2,2.609999895,1,0
2021-01-23,709326,Campaign A,104013,35-39,Male,16,12190,2,3.049999952,1,0
2021-01-24,709327,Campaign A,104013,35-39,Male,16,12193,2,3.059999943,1,1
2021-01-25,709328,Campaign A,104013,35-39,Male,16,3332,0,0,1,1
2021-01-26,709455,Campaign A,104034,35-39,Male,7,559,0,0,1,0
2021-01-27,709544,Campaign A,104049,35-39,Male,29,7440,2,2.980000019,1,1
2021-01-28,709614,Campaign A,104061,40-44,Male,16,19113,4,5.5200001,1,0
2021-01-29,709756,Campaign A,104085,40-44,Male,16,10976,2,1.690000057,1,1
2021-01-30,709761,Campaign A,104085,40-44,Male,16,2861,0,0,1,0
2021-01-31,709899,Campaign A,104108,40-44,Male,15,1398,0,0,1,1
2021-02-01,709901,Campaign A,104109,40-44,Male,16,23817,7,8.470000148,1,1
2021-02-02,710045,Campaign A,104133,45-49,Male,16,47224,12,15.82000017,1,0
2021-02-03,710088,Campaign A,104140,45-49,Male,24,2283,1,1.470000029,1,0
2021-02-04,710360,Campaign A,104185,45-49,Male,21,2182,1,1.529999971,1,1
2021-02-05,710477,Campaign A,104205,30-34,Female,16,2654,0,0,1,1
2021-02-06,710480,Campaign A,104205,30-34,Female,16,57665,14,18.06999969,1,1
2021-02-07,710571,Campaign A,104220,30-34,Female,32,3091,1,1.610000014,1,1
2021-02-08,710617,Campaign A,104228,30-34,Female,15,5014,1,1.190000057,1,0
2021-02-09,710623,Campaign A,104229,30-34,Female,16,38726,7,9.220000267,1,0
2021-02-10,710628,Campaign A,104230,30-34,Female,18,1473,0,0,1,0
2021-02-11,710682,Campaign A,104239,30-34,Female,27,1186,0,0,1,0
2021-02-12,710763,Campaign A,104252,30-34,Female,15,5369,1,1.50999999,1,0
2021-02-13,710836,Campaign A,104265,30-34,Female,29,22221,7,9.430000067,1,1
2021-02-14,710867,Campaign A,104270,30-34,Female,63,1185,0,0,1,0
2021-02-15,710880,Campaign A,104272,30-34,Female,65,13019,5,6.960000038,1,0
2021-02-16,710961,Campaign A,104285,35-39,Female,25,2508,1,1.220000029,1,0
2021-02-17,710968,Campaign A,104287,35-39,Female,27,5864,2,2.799999952,1,1
2021-02-18,711217,Campaign A,104328,35-39,Female,20,2783,1,1.600000024,1,0
2021-02-19,711623,Campaign A,104396,40-44,Female,15,3812,1,1.129999995,2,1
2021-02-20,711764,Campaign A,104419,45-49,Female,10,11199,4,5.730000019,1,1
2021-02-21,711785,Campaign A,104423,45-49,Female,19,292,0,0,1,0
2021-02-22,711877,Campaign A,104438,45-49,Female,63,17572,7,9.379999995,1,0
2021-02-23,712052,Campaign A,104467,45-49,Female,10,1448,0,0,1,1
2021-01-01,734209,Campaign B,108654,30-34,Male,10,1772,0,0,1,1
2021-01-02,734210,Campaign B,108654,30-34,Male,10,13329,4,5.629999995,1,1
2021-01-03,734215,Campaign B,108655,30-34,Male,15,13659,3,3.840000033,1,0
2021-01-04,734243,Campaign B,108660,30-34,Male,21,739,0,0,1,1
2021-01-05,734266,Campaign B,108664,30-34,Male,25,605,0,0,1,0
2021-01-06,734272,Campaign B,108665,30-34,Male,26,1030,0,0,1,0
2021-01-07,734290,Campaign B,108668,30-34,Male,29,5374,1,1.039999962,4,0
2021-01-08,734313,Campaign B,108672,30-34,Male,36,790,0,0,1,1
2021-01-09,734314,Campaign B,108672,30-34,Male,36,962,0,0,1,0
2021-01-10,734352,Campaign B,108678,35-39,Male,10,4423,1,1.460000038,1,1
2021-01-11,734361,Campaign B,108680,35-39,Male,16,12382,2,2.839999914,1,1
2021-01-12,734381,Campaign B,108683,35-39,Male,20,2938,1,1.350000024,1,1
2021-01-13,734399,Campaign B,108686,35-39,Male,23,239,0,0,1,0
2021-01-14,734418,Campaign B,108689,35-39,Male,26,591,0,0,1,0
2021-01-15,734421,Campaign B,108690,35-39,Male,27,10332,4,5.75,1,0
2021-01-16,734427,Campaign B,108691,35-39,Male,28,8259,3,3.980000019,1,0
2021-01-17,734433,Campaign B,108692,35-39,Male,29,12158,3,4.449999928,1,0
2021-01-18,734582,Campaign B,108716,40-44,Male,29,7709,2,1.320000052,2,0
2021-01-19,734605,Campaign B,108720,40-44,Male,36,834,0,0,1,0
2021-01-20,734660,Campaign B,108729,45-49,Male,18,1299,0,0,2,0
2021-01-21,734666,Campaign B,108730,45-49,Male,19,371,0,0,1,0
2021-01-22,734726,Campaign B,108740,45-49,Male,29,10466,3,4.090000033,1,0
2021-01-23,734737,Campaign B,108742,45-49,Male,31,839,0,0,1,0
2021-01-24,734785,Campaign B,108750,30-34,Female,10,5576,1,1.529999971,1,1
2021-01-25,734794,Campaign B,108752,30-34,Female,16,4010,0,0,1,0
2021-01-26,734796,Campaign B,108752,30-34,Female,16,39337,7,10.03000009,1,1
2021-01-27,734800,Campaign B,108753,30-34,Female,18,1635,0,0,1,0
2021-01-28,734803,Campaign B,108753,30-34,Female,18,1631,0,0,1,0
2021-01-29,734852,Campaign B,108761,30-34,Female,26,13479,3,4.25,1,0
2021-01-30,734854,Campaign B,108762,30-34,Female,27,57022,13,20.29000032,3,3
2021-01-31,734856,Campaign B,108762,30-34,Female,27,5453,1,1.389999986,1,1
2021-02-01,734866,Campaign B,108764,30-34,Female,29,11803,3,4.440000057,1,0
2021-02-02,734881,Campaign B,108766,30-34,Female,31,4259,1,1.570000052,1,1
2021-02-03,734901,Campaign B,108770,30-34,Female,64,1554,0,0,1,0
2021-02-04,734903,Campaign B,108770,30-34,Female,64,5323,1,1.289999962,1,1
2021-02-05,734925,Campaign B,108774,35-39,Female,10,5024,1,1.409999967,1,1
2021-02-06,734939,Campaign B,108776,35-39,Female,16,104648,24,33.33000004,4,2
2021-02-07,734968,Campaign B,108781,35-39,Female,22,8504,3,3.340000093,1,1
2021-02-08,734999,Campaign B,108786,35-39,Female,27,20277,6,8.050000072,1,0
2021-02-09,735014,Campaign B,108788,35-39,Female,29,12403,4,5.210000038,1,1
2021-02-10,735032,Campaign B,108791,35-39,Female,32,498,0,0,1,1
2021-02-11,735033,Campaign B,108792,35-39,Female,36,652,0,0,0,0
2021-02-12,735043,Campaign B,108793,35-39,Female,63,1357,0,0,1,1
2021-02-13,735048,Campaign B,108794,35-39,Female,64,1393,0,0,1,0
2021-02-14,735065,Campaign B,108797,40-44,Female,7,648,0,0,1,0
2021-02-15,735109,Campaign B,108804,40-44,Female,21,708,0,0,1,1
2021-02-16,735140,Campaign B,108809,40-44,Female,26,6907,2,2.349999964,1,0
2021-02-17,735143,Campaign B,108810,40-44,Female,27,39035,13,19.32999957,1,0
2021-02-18,735151,Campaign B,108811,40-44,Female,28,926,0,0,1,0
2021-02-19,735184,Campaign B,108817,40-44,Female,63,4412,1,1.450000048,1,0
2021-02-20,735189,Campaign B,108818,40-44,Female,64,9965,3,4.050000072,1,0
2021-02-21,735213,Campaign B,108822,45-49,Female,10,73634,23,32.97999978,1,0
2021-02-22,735220,Campaign B,108823,45-49,Female,15,69708,20,31.28999949,1,0
2021-02-23,735242,Campaign B,108826,45-49,Female,19,530,0,0,1,0
2021-02-24,735247,Campaign B,108827,45-49,Female,20,14257,6,8.789999962,1,0
2021-02-25,735289,Campaign B,108834,45-49,Female,27,20362,5,9.119999886,1,1
2021-02-26,735290,Campaign B,108834,45-49,Female,27,12215,4,6.26000011,1,0
2021-02-27,735298,Campaign B,108836,45-49,Female,29,85412,28,38.63999999,2,1
2021-02-28,736869,Campaign B,109448,30-34,Male,2,2338,1,0.239999995,1,0
2021-03-01,736890,Campaign B,109451,30-34,Male,15,2522,0,0,1,0
2021-03-02,736893,Campaign B,109452,30-34,Male,16,3587,0,0,1,0
2021-03-03,736977,Campaign B,109470,30-34,Male,27,1273,0,0,1,0
2021-03-04,736988,Campaign B,109472,30-34,Male,28,3891,1,1.090000033,1,0
2021-03-05,736995,Campaign B,109473,30-34,Male,29,1888,0,0,1,0
2021-03-06,736997,Campaign B,109473,30-34,Male,29,1895,0,0,1,0
2021-03-07,737097,Campaign B,109498,35-39,Male,7,715,0,0,1,0
2021-03-08,737130,Campaign B,109507,35-39,Male,16,11199,2,2.680000067,1,0
2021-03-09,737320,Campaign B,109553,35-39,Male,63,5676,2,3.00999999,1,0
2021-03-10,737375,Campaign B,109565,40-44,Male,10,1415,0,0,1,0
2021-03-11,737524,Campaign B,109601,40-44,Male,30,2148,1,1.580000043,1,1
2021-03-12,737644,Campaign B,109629,45-49,Male,16,45401,10,14.06000042,1,0
2021-03-13,737657,Campaign B,109633,45-49,Male,18,7478,2,2.900000095,1,1
2021-03-14,737658,Campaign B,109633,45-49,Male,18,4919,1,1.590000033,1,0
2021-03-15,737674,Campaign B,109637,45-49,Male,20,533,0,0,1,1
2021-03-16,737766,Campaign B,109659,45-49,Male,29,1447,0,0,1,1
2021-03-17,737896,Campaign B,109689,30-34,Female,16,17553,3,4.590000153,1,0
2021-03-18,737931,Campaign B,109698,30-34,Female,20,3343,1,0.540000021,1,0
2021-03-19,737961,Campaign B,109706,30-34,Female,23,523,0,0,1,0
2021-03-20,737995,Campaign B,109714,30-34,Female,26,1873,0,0,1,0
2021-03-21,738006,Campaign B,109717,30-34,Female,27,34740,7,13.41000009,1,1
2021-03-22,738067,Campaign B,109731,30-34,Female,32,658,0,0,1,0
2021-03-23,738098,Campaign B,109738,30-34,Female,64,1539,0,0,1,0
2021-03-24,738307,Campaign B,109788,35-39,Female,31,3010,1,0.860000014,1,1
2021-03-25,738389,Campaign B,109808,40-44,Female,10,27081,9,10.77000046,1,1
2021-03-26,738408,Campaign B,109813,40-44,Female,16,20233,4,5.590000153,3,0
2021-03-27,738413,Campaign B,109813,40-44,Female,16,147159,36,58.16000044,3,1
2021-03-28,738423,Campaign B,109816,40-44,Female,18,21664,7,10.61999977,1,1
2021-03-29,738436,Campaign B,109820,40-44,Female,19,9112,4,5.460000038,1,1
2021-03-30,738463,Campaign B,109826,40-44,Female,21,542,0,0,1,0
2021-03-31,738528,Campaign B,109839,40-44,Female,30,402,0,0,1,1
2021-04-01,738560,Campaign B,109844,40-44,Female,64,1338,0,0,1,0
2021-04-02,738582,Campaign B,109848,45-49,Female,10,46150,15,20.17999983,1,1
2021-04-03,738592,Campaign B,109850,45-49,Female,16,493821,116,176.3799977,4,1
2021-04-04,738593,Campaign B,109850,45-49,Female,16,92011,27,34.39000046,2,1
2021-04-05,738598,Campaign B,109851,45-49,Female,18,12956,4,5.49000001,1,1
2021-04-06,738606,Campaign B,109852,45-49,Female,19,529,0,0,1,0
2021-04-07,738637,Campaign B,109857,45-49,Female,24,944,1,1.419999957,1,0
2021-04-08,738648,Campaign B,109859,45-49,Female,26,111090,38,51.97000027,5,1
2021-04-09,747212,Campaign B,110836,30-34,Male,10,7208,2,3.190000057,1,0
2021-04-10,747213,Campaign B,110836,30-34,Male,10,1746,0,0,1,0
2021-04-11,747220,Campaign B,110837,30-34,Male,15,2474,0,0,2,2
2021-04-12,747222,Campaign B,110838,30-34,Male,16,12489,2,1.960000038,1,0
2021-04-13,747223,Campaign B,110838,30-34,Male,16,8032,1,0.600000024,2,0
2021-04-14,747248,Campaign B,110842,30-34,Male,21,472,0,0,1,1
2021-04-15,747332,Campaign B,110856,30-34,Male,64,792,0,0,1,1
2021-04-16,747362,Campaign B,110861,35-39,Male,15,4607,1,1.149999976,1,1
2021-04-17,747369,Campaign B,110862,35-39,Male,16,13355,2,3.180000067,1,1
2021-04-18,747370,Campaign B,110862,35-39,Male,16,2936,0,0,1,0
2021-04-19,747401,Campaign B,110867,35-39,Male,22,2793,1,0.980000019,1,1
2021-04-20,747435,Campaign B,110873,35-39,Male,28,1032,0,0,1,0
2021-04-21,747439,Campaign B,110874,35-39,Male,29,1662,0,0,1,1
2021-04-22,747489,Campaign B,110882,40-44,Male,2,4016,2,1.480000049,1,1
2021-04-23,747514,Campaign B,110886,40-44,Male,16,14843,3,2.939999938,1,1
2021-04-24,747645,Campaign B,110908,45-49,Male,10,9674,3,4.600000024,1,1
2021-04-25,747659,Campaign B,110910,45-49,Male,16,12186,2,2.669999957,1,0
2021-04-26,747675,Campaign B,110913,45-49,Male,20,673,0,0,1,0
2021-04-27,747678,Campaign B,110914,45-49,Male,21,370,0,0,1,1
2021-04-28,747712,Campaign B,110919,45-49,Male,26,450,0,0,1,1
2021-04-29,747790,Campaign B,110932,30-34,Female,10,2077,0,0,1,1
2021-04-30,747791,Campaign B,110932,30-34,Female,10,31393,8,10.96000051,1,1
2021-05-01,747795,Campaign B,110933,30-34,Female,15,8410,2,2.359999895,1,1
2021-05-02,747798,Campaign B,110934,30-34,Female,16,25884,5,7.350000143,1,0
2021-05-03,747824,Campaign B,110938,30-34,Female,21,608,0,0,1,1
2021-05-04,747828,Campaign B,110939,30-34,Female,22,28488,10,9.340000033,1,0
2021-05-05,747852,Campaign B,110943,30-34,Female,26,10126,3,4.619999886,1,0
2021-05-06,747859,Campaign B,110944,30-34,Female,27,22572,5,8.5,1,0
2021-05-07,747863,Campaign B,110944,30-34,Female,27,1955,0,0,1,1
2021-05-08,747879,Campaign B,110947,30-34,Female,30,493,0,0,1,0
2021-05-09,747903,Campaign B,110951,30-34,Female,63,1491,0,0,1,1
2021-05-10,747911,Campaign B,110952,30-34,Female,64,1495,0,0,1,1
2021-05-11,747968,Campaign B,110962,35-39,Female,21,512,0,0,0,0
2021-05-12,747991,Campaign B,110966,35-39,Female,25,4868,2,2.420000076,1,0
2021-05-13,748000,Campaign B,110967,35-39,Female,26,6585,2,2.950000048,1,0
2021-05-14,748007,Campaign B,110968,35-39,Female,27,10164,2,3.720000029,1,1
2021-05-15,748014,Campaign B,110970,35-39,Female,29,11182,4,4.449999809,1,0
2021-05-16,748045,Campaign B,110975,35-39,Female,63,1238,0,0,1,0
2021-05-17,748086,Campaign B,110982,40-44,Female,16,34127,8,13.07000017,1,0
2021-05-18,748087,Campaign B,110982,40-44,Female,16,29466,7,10.84999967,2,0
2021-05-19,748089,Campaign B,110982,40-44,Female,16,38759,9,10.84999967,1,0
2021-05-20,748091,Campaign B,110982,40-44,Female,16,41720,10,12.06000006,1,1
2021-05-21,748225,Campaign B,111005,45-49,Female,15,18602,5,8.860000134,1,0
2021-05-22,748230,Campaign B,111006,45-49,Female,16,83929,21,27.72999954,4,1
2021-05-23,748231,Campaign B,111006,45-49,Female,16,25194,6,7.349999905,1,0
2021-05-24,748233,Campaign B,111006,45-49,Female,16,78627,19,26.53000045,1,0
2021-05-25,748235,Campaign B,111006,45-49,Female,16,102695,25,39.42999983,3,0
2021-05-26,748294,Campaign B,111016,45-49,Female,27,82827,24,47.93000031,3,0
2021-05-27,748295,Campaign B,111016,45-49,Female,27,9240,3,6.039999962,1,0
2021-05-28,748303,Campaign B,111018,45-49,Female,29,7706,2,2.369999886,1,0
2021-05-29,748314,Campaign B,111020,45-49,Female,31,7821,4,6.340000153,1,1
2021-05-30,748341,Campaign B,111024,45-49,Female,64,1363,0,0,1,1
2021-05-31,776318,Campaign B,115484,45-49,Female,15,3569,0,0,1,1
2021-06-01,776322,Campaign B,115485,45-49,Female,16,119063,34,53.21999949,1,0
2021-06-02,776323,Campaign B,115485,45-49,Female,16,99078,23,35.79999948,2,0
2021-06-03,776325,Campaign B,115485,45-49,Female,16,452398,114,180.2200012,1,0
2021-06-04,776334,Campaign B,115487,45-49,Female,10,191223,48,76.41000056,1,0
2021-06-05,776336,Campaign B,115487,45-49,Female,10,22216,6,9.549999952,1,0
2021-06-06,776338,Campaign B,115487,45-49,Female,10,48291,11,18.01999998,1,0
2021-06-07,776353,Campaign B,115490,40-44,Female,63,27559,8,13.37,1,0
2021-06-08,776373,Campaign B,115493,45-49,Female,25,10194,4,4.590000033,2,1
2021-06-09,776383,Campaign B,115495,45-49,Female,23,1168,0,0,1,1
2021-06-10,776405,Campaign B,115498,45-49,Female,21,40126,16,25.86000001,1,0
2021-06-11,776416,Campaign B,115500,45-49,Female,19,3659,1,0.49000001,1,1
2021-06-12,776430,Campaign B,115503,30-34,Male,10,3200,0,0,1,0
2021-06-13,776464,Campaign B,115508,45-49,Female,29,7550,1,1.679999948,1,1
2021-06-14,776469,Campaign B,115509,45-49,Female,28,45397,15,25.41999936,1,1
2021-06-15,776473,Campaign B,115510,30-34,Male,16,23086,2,3.310000062,1,1
2021-06-16,776475,Campaign B,115510,30-34,Male,16,16425,1,1.549999952,1,0
2021-06-17,776476,Campaign B,115510,30-34,Male,16,43756,5,5.439999938,0,0
2021-06-18,776477,Campaign B,115510,30-34,Male,16,9982,0,0,1,0
2021-06-19,776489,Campaign B,115512,45-49,Female,26,175389,55,81.60999787,1,0
2021-06-20,776494,Campaign B,115513,30-34,Male,15,7015,0,0,1,0
2021-06-21,776515,Campaign B,115517,45-49,Female,65,12706,3,4.98999989,1,1
2021-06-22,776519,Campaign B,115517,45-49,Female,65,70702,20,31.7099998,1,0
2021-06-23,776533,Campaign B,115520,45-49,Female,63,63927,16,25.52000046,2,0
2021-06-24,776534,Campaign B,115520,45-49,Female,63,15105,3,4.25999999,1,0
2021-06-25,776538,Campaign B,115521,30-34,Female,15,8774,1,1.830000043,1,0
2021-06-26,776551,Campaign B,115523,30-34,Female,16,14459,1,1.389999986,1,0
2021-06-27,776552,Campaign B,115523,30-34,Female,16,21596,2,2.809999943,1,0
2021-06-28,776553,Campaign B,115523,30-34,Female,16,66765,8,11.04999971,1,0
2021-06-29,776563,Campaign B,115525,30-34,Female,7,1369,0,0,1,1
2021-06-30,776579,Campaign B,115527,30-34,Female,10,26910,5,7.229999781,1,0
2021-07-01,776603,Campaign B,115531,30-34,Female,2,506,0,0,1,0
2021-07-02,776615,Campaign B,115533,45-49,Male,63,11988,3,4.269999862,1,0
2021-07-03,776623,Campaign B,115535,45-49,Male,64,19353,6,9.4799999,1,1
2021-07-04,776631,Campaign B,115536,40-44,Male,29,10960,2,2.890000105,1,0
2021-07-05,776643,Campaign B,115538,30-34,Male,15,33491,6,10.56999969,2,1
2021-07-06,776644,Campaign B,115538,30-34,Male,15,20083,2,3.200000048,2,1
2021-07-07,776659,Campaign B,115541,30-34,Male,16,8817,0,0,1,1
2021-07-08,776661,Campaign B,115541,30-34,Male,16,15466,1,0.970000029,1,0
2021-07-09,776662,Campaign B,115541,30-34,Male,16,27072,3,4.370000005,1,0
2021-07-10,776663,Campaign B,115541,30-34,Male,16,15753,1,0.569999993,1,1
2021-07-11,776668,Campaign B,115542,40-44,Male,19,3523,1,1.809999943,1,1
2021-07-12,776685,Campaign B,115545,40-44,Male,16,7745,0,0,1,0
2021-07-13,776686,Campaign B,115545,40-44,Male,16,18709,2,3.319999933,1,0
2021-07-14,776687,Campaign B,115545,40-44,Male,16,8022,0,0,2,1
2021-07-15,776696,Campaign B,115547,30-34,Male,10,7966,1,1.179999948,1,1
2021-07-16,776697,Campaign B,115547,30-34,Male,10,4132,0,0,1,1
2021-07-17,776698,Campaign B,115547,30-34,Male,10,12785,3,4.730000019,2,1
2021-07-18,776699,Campaign B,115547,30-34,Male,10,8213,1,1.379999995,1,1
2021-07-19,776722,Campaign B,115551,30-34,Male,2,545,0,0,1,1
2021-07-20,776725,Campaign B,115552,40-44,Male,23,2479,1,1.25999999,1,0
2021-07-21,776780,Campaign B,115561,40-44,Male,2,3812,2,3.049999952,1,0
2021-07-22,776793,Campaign B,115563,45-49,Male,21,1609,0,0,1,0
2021-07-23,776799,Campaign B,115564,45-49,Male,20,10257,3,3.579999924,1,1
2021-07-24,776817,Campaign B,115567,40-44,Male,10,12356,4,6.279999971,1,0
2021-07-25,776825,Campaign B,115568,45-49,Male,18,7410,1,1.210000038,1,0
2021-07-26,776829,Campaign B,115569,45-49,Male,16,140098,28,46.63000011,1,0
2021-07-27,776831,Campaign B,115569,45-49,Male,16,107021,20,34.44000012,1,0
2021-07-28,776840,Campaign B,115571,35-39,Male,36,2797,1,1.289999962,1,0
2021-07-29,776861,Campaign B,115574,45-49,Male,7,16461,6,9.21999979,1,0
2021-07-30,776892,Campaign B,115580,40-44,Male,63,17488,5,7.719999909,1,0
2021-07-31,776928,Campaign B,115586,35-39,Male,10,9750,2,1.5,1,1
2021-08-01,776935,Campaign B,115587,45-49,Male,36,1136,0,0,1,1
2021-08-02,777105,Campaign B,115615,45-49,Male,63,4333,1,0.180000007,1,1
2021-08-03,777130,Campaign B,115619,35-39,Male,16,6260,0,0,1,0
2021-08-04,777131,Campaign B,115619,35-39,Male,16,6359,0,0,1,0
2021-08-05,777166,Campaign B,115625,30-34,Male,63,2383,0,0,1,1
2021-08-06,777187,Campaign B,115629,40-44,Male,27,11292,3,5.389999866,1,1
2021-08-07,777198,Campaign B,115631,30-34,Male,64,12729,4,5.779999852,1,0
2021-08-08,777200,Campaign B,115631,30-34,Male,64,1898,0,0,1,1
2021-08-09,777201,Campaign B,115631,30-34,Male,64,1882,0,0,1,1
2021-08-10,777235,Campaign B,115637,30-34,Male,65,2883,1,0.99000001,1,1
2021-08-11,777248,Campaign B,115639,30-34,Female,7,3989,1,1.279999971,1,0
2021-08-12,777261,Campaign B,115641,40-44,Male,29,19603,4,5.279999971,1,1
2021-08-13,777382,Campaign B,115675,40-44,Male,24,3047,1,1.379999995,1,0
2021-08-14,777398,Campaign B,115677,35-39,Male,24,3029,1,1.049999952,1,1
2021-08-15,777410,Campaign B,115679,45-49,Male,26,3490,1,1.340000033,1,1
2021-08-16,777482,Campaign B,115691,45-49,Male,28,2479,0,0,1,0
2021-08-17,777495,Campaign B,115693,40-44,Male,19,19581,7,10.42999983,2,0
2021-08-18,777519,Campaign B,115697,45-49,Male,29,19537,5,6.099999905,1,0
2021-08-19,777625,Campaign B,115715,45-49,Male,16,59433,12,19.65999949,3,0
2021-08-20,777627,Campaign B,115715,45-49,Male,16,157534,33,56.19000077,2,0
2021-08-21,777638,Campaign B,115717,40-44,Male,7,1781,0,0,1,1
2021-08-22,777670,Campaign B,115723,40-44,Male,16,23769,4,6.029999852,1,0
2021-08-23,777673,Campaign B,115723,40-44,Male,16,7101,0,0,1,0
2021-08-24,777742,Campaign B,115735,35-39,Male,64,4726,1,1.830000043,1,1
2021-08-25,777758,Campaign B,115737,30-34,Male,19,5209,1,0.959999979,2,0
2021-08-26,777794,Campaign B,115743,30-34,Male,18,13473,3,2.619999945,3,0
2021-08-27,777816,Campaign B,115747,40-44,Male,2,500,0,0,1,1
2021-08-28,777871,Campaign B,115756,30-34,Male,20,4616,1,1.360000014,1,0
2021-08-29,777904,Campaign B,115762,30-34,Male,31,3279,0,0,1,0
2021-08-30,777905,Campaign B,115762,30-34,Male,31,3288,0,0,1,0
2021-08-31,778037,Campaign B,115784,35-39,Male,27,14615,4,6.050000191,1,0
2021-09-01,778048,Campaign B,115786,30-34,Male,27,56615,12,19.88000035,2,0
2021-09-02,778085,Campaign B,115792,30-34,Male,26,11735,3,4.529999971,1,1
2021-09-03,778087,Campaign B,115792,30-34,Male,26,15910,5,6.779999852,1,0
2021-09-04,778112,Campaign B,115796,35-39,Male,29,11446,2,3.090000033,1,1
2021-09-05,778113,Campaign B,115796,35-39,Male,29,4595,0,0,1,0
2021-09-06,778124,Campaign B,115798,30-34,Male,29,4871,0,0,1,0
2021-09-07,778148,Campaign B,115802,35-39,Male,28,3199,0,0,1,0
2021-09-08,778156,Campaign B,115804,30-34,Male,28,9388,2,3.140000105,1,0
2021-09-09,778161,Campaign B,115804,30-34,Male,28,17954,6,7.5400002,2,1
2021-09-10,778208,Campaign B,115812,40-44,Female,29,2755,0,0,1,0
2021-09-11,778264,Campaign B,115822,40-44,Female,27,8152,1,0.99000001,1,0
2021-09-12,778266,Campaign B,115822,40-44,Female,27,74542,19,34.1500001,1,0
2021-09-13,778421,Campaign B,115848,40-44,Female,20,6699,2,3.090000033,1,0
2021-09-14,778422,Campaign B,115848,40-44,Female,20,11911,4,3.959999919,1,0
2021-09-15,778461,Campaign B,115854,40-44,Male,29,10090,2,2.650000095,1,1
2021-09-16,778471,Campaign B,115856,30-34,Male,32,1273,0,0,1,1
2021-09-17,778483,Campaign B,115858,40-44,Female,18,24188,5,8.179999828,1,0
2021-09-18,778529,Campaign B,115866,30-34,Male,31,2214,0,0,1,0
2021-09-19,778556,Campaign B,115870,40-44,Male,32,9735,4,4.130000114,1,1
2021-09-20,778590,Campaign B,115876,30-34,Male,30,1371,0,0,1,1
2021-09-21,778600,Campaign B,115878,40-44,Female,22,10750,4,5.389999866,1,0
2021-09-22,778626,Campaign B,115882,30-34,Male,29,7629,1,0.720000029,1,1
2021-09-23,778628,Campaign B,115882,30-34,Male,29,4608,0,0,1,0
2021-09-24,778674,Campaign B,115890,35-39,Male,29,3732,0,0,1,0
2021-09-25,778689,Campaign B,115892,30-34,Male,28,7453,1,1.679999948,1,1
2021-09-26,778722,Campaign B,115898,35-39,Female,64,41785,14,19.10000038,1,0
2021-09-27,778737,Campaign B,115900,35-39,Male,27,8077,2,3.579999924,1,1
2021-09-28,778756,Campaign B,115904,35-39,Female,63,5602,1,1.580000043,1,0
2021-09-29,778804,Campaign B,115912,30-34,Male,26,6184,2,2.75,1,1
2021-09-30,778808,Campaign B,115912,30-34,Male,26,1738,0,0,1,0
2021-10-01,778964,Campaign B,115938,35-39,Female,27,112460,25,41.29000068,1,0
2021-10-02,779057,Campaign B,115954,40-44,Male,15,4414,0,0,1,0
2021-10-03,779106,Campaign B,115962,35-39,Female,30,14670,7,9.410000324,1,0
2021-10-04,779438,Campaign B,116031,30-34,Female,64,33144,9,13.40999985,1,0
2021-10-05,779453,Campaign B,116033,45-49,Male,64,4397,1,0.949999988,1,0
2021-10-06,779488,Campaign B,116039,45-49,Male,65,1006,0,0,1,0
2021-10-07,779573,Campaign B,116053,35-39,Female,10,89527,24,32.28999996,1,0
2021-10-08,779608,Campaign B,116059,35-39,Female,15,2459,0,0,1,0
2021-10-09,779609,Campaign B,116059,35-39,Female,15,7116,2,1.730000019,1,1
2021-10-10,779622,Campaign B,116061,30-34,Female,15,8613,1,0.889999986,2,0
2021-10-11,779631,Campaign B,116063,35-39,Female,16,9730,1,1.379999995,1,0
2021-10-12,779644,Campaign B,116065,30-34,Female,16,51816,8,10.2299999,2,1
2021-10-13,779645,Campaign B,116065,30-34,Female,16,27289,3,4.429999828,1,0
2021-10-14,779715,Campaign B,116077,30-34,Female,29,20409,4,3.829999924,1,0
2021-10-15,779716,Campaign B,116077,30-34,Female,29,8044,1,1.110000014,1,0
2021-10-16,779738,Campaign B,116081,30-34,Female,28,15645,4,5.349999905,1,0
2021-10-17,779778,Campaign B,116087,30-34,Female,31,2466,0,0,2,2
2021-10-18,779789,Campaign B,116089,45-49,Male,10,11611,3,3.950000048,1,1
2021-10-19,779824,Campaign B,116095,45-49,Male,7,9375,3,4.019999981,1,0
2021-10-20,779871,Campaign B,116103,30-34,Female,32,4402,1,1.330000043,1,1
2021-10-21,779918,Campaign B,116111,30-34,Female,18,8469,2,3.089999914,1,0
2021-10-22,779922,Campaign B,116111,30-34,Female,18,5823,1,1.419999957,1,1
2021-10-23,779944,Campaign B,116115,35-39,Male,10,2549,0,0,1,0
2021-10-24,779979,Campaign B,116121,35-39,Male,16,25817,4,6.019999981,1,0
2021-10-25,779995,Campaign B,116123,30-34,Female,20,1961,0,0,1,0
2021-10-26,780064,Campaign B,116135,30-34,Female,22,2554,0,0,1,0
2021-10-27,780104,Campaign B,116147,30-34,Female,25,4971,1,1.230000019,1,1
2021-10-28,780199,Campaign B,116163,35-39,Female,23,1030,0,0,1,1
2021-10-29,780318,Campaign B,116183,45-49,Female,29,162341,56,77.07999969,3,0
2021-10-30,780323,Campaign B,116183,45-49,Female,29,24542,7,9.329999924,1,0
2021-10-31,780486,Campaign B,116216,30-34,Female,65,2879,0,0,1,1
2021-11-01,780498,Campaign B,116218,30-34,Female,64,13621,3,4.090000033,1,0
2021-11-02,780511,Campaign B,116220,30-34,Female,63,6175,1,1.370000005,2,1
2021-11-03,780629,Campaign B,116240,30-34,Female,28,2963,0,0,1,0
2021-11-04,780653,Campaign B,116244,30-34,Female,29,9076,1,1.379999995,1,1
2021-11-05,780655,Campaign B,116244,30-34,Female,29,20941,4,5.909999967,1,1
2021-11-06,780666,Campaign B,116246,45-49,Female,10,3462,0,0,1,0
2021-11-07,780681,Campaign B,116248,30-34,Female,26,4073,0,0,1,1
2021-11-08,780700,Campaign B,116252,30-34,Female,27,3745,0,0,1,0
2021-11-09,780748,Campaign B,116265,30-34,Female,24,830,0,0,1,0
2021-11-10,780759,Campaign B,116267,45-49,Female,18,2912,0,0,1,0
2021-11-11,780760,Campaign B,116267,45-49,Female,18,17167,5,6.910000086,1,0
2021-11-12,780797,Campaign B,116273,30-34,Female,22,24491,7,9.539999962,1,0
2021-11-13,780799,Campaign B,116273,30-34,Female,22,44699,13,17.30000037,2,0
2021-11-14,780821,Campaign B,116277,30-34,Female,23,6469,2,1.309999943,1,0
2021-11-15,780830,Campaign B,116279,45-49,Female,16,16053,3,4.079999924,1,1
2021-11-16,780835,Campaign B,116279,45-49,Female,16,54724,12,17.92999995,1,1
2021-11-17,780867,Campaign B,116285,30-34,Female,21,4706,1,1.220000029,1,0
2021-11-18,780974,Campaign B,116303,40-44,Female,32,8316,3,4.569999933,1,1
2021-11-19,781066,Campaign B,116323,40-44,Female,22,5794,2,2.269999981,1,0
2021-11-20,781114,Campaign B,116331,40-44,Female,18,4813,1,1.029999971,1,0
2021-11-21,781159,Campaign B,116339,40-44,Female,10,85285,26,36.13000035,1,0
2021-11-22,781162,Campaign B,116339,40-44,Female,10,5839,1,1.370000005,1,0
2021-11-23,781175,Campaign B,116341,40-44,Female,15,5859,1,1.539999962,1,0
2021-11-24,781187,Campaign B,116343,40-44,Female,16,164118,41,59.06999993,1,0
2021-11-25,781195,Campaign B,116345,35-39,Female,63,18234,6,7.810000062,1,0
2021-11-26,781207,Campaign B,116347,35-39,Female,64,2755,0,0,1,0
2021-11-27,781303,Campaign B,116363,35-39,Female,27,73676,20,28.5,1,0
2021-11-28,781305,Campaign B,116363,35-39,Female,27,18421,7,10.07999992,1,0
2021-11-29,781327,Campaign B,116367,35-39,Female,29,164754,49,67.97999978,2,1
2021-11-30,781353,Campaign B,116371,35-39,Female,10,7449,1,1.639999986,1,1
2021-12-01,781354,Campaign B,116371,35-39,Female,10,6424,1,0.529999971,1,0
2021-12-02,781438,Campaign B,116385,30-34,Male,63,2086,0,0,1,0
2021-12-03,781470,Campaign B,116391,35-39,Male,16,6016,0,0,1,0
2021-12-04,781499,Campaign B,116395,35-39,Male,15,6412,1,1.370000005,1,0
2021-12-05,781508,Campaign B,116397,30-34,Female,63,5040,1,1.440000057,1,0
2021-12-06,781556,Campaign B,116405,30-34,Female,32,1772,0,0,1,0
2021-12-07,781559,Campaign B,116405,30-34,Female,32,1783,0,0,1,0
2021-12-08,781606,Campaign B,116413,35-39,Male,20,8200,3,3.919999957,1,0
2021-12-09,781690,Campaign B,116427,45-49,Female,26,115896,38,49.44000006,1,0
2021-12-10,781811,Campaign B,116447,35-39,Female,16,10186,1,1.230000019,1,1
2021-12-11,781857,Campaign B,116455,30-34,Male,20,9134,3,4.180000067,2,0
2021-12-12,781858,Campaign B,116455,30-34,Male,20,3385,1,1.440000057,1,1
2021-12-13,781907,Campaign B,116463,45-49,Female,21,1314,0,0,1,0
2021-12-14,781928,Campaign B,116467,30-34,Male,18,2916,0,0,1,1
2021-12-15,781929,Campaign B,116467,30-34,Male,18,6142,1,1.330000043,1,0
2021-12-16,781950,Campaign B,116471,30-34,Female,20,1984,0,0,1,0
2021-12-17,781999,Campaign B,116479,30-34,Male,24,9142,3,3.749999881,1,0
2021-12-18,782001,Campaign B,116479,30-34,Male,24,5475,2,2.730000019,1,1
2021-12-19,782022,Campaign B,116483,30-34,Female,18,8254,2,2.320000052,1,1
2021-12-20,782026,Campaign B,116483,30-34,Female,18,5704,1,1.320000052,1,0
2021-12-21,782130,Campaign B,116501,30-34,Female,16,7301,0,0,1,0
2021-12-22,782134,Campaign B,116501,30-34,Female,16,37873,5,6.169999957,1,1
2021-12-23,782135,Campaign B,116501,30-34,Female,16,25267,4,4.940000057,2,1
2021-12-24,782171,Campaign B,116507,30-34,Female,30,535,0,0,1,0
2021-12-25,782180,Campaign B,116509,30-34,Male,29,3396,0,0,1,0
2021-12-26,782219,Campaign B,116515,30-34,Male,26,977,0,0,1,0
2021-12-27,782228,Campaign B,116517,40-44,Female,63,12318,5,6.340000153,1,1
2021-12-28,782242,Campaign B,116519,30-34,Female,28,4783,1,0.860000014,1,0
2021-12-29,782275,Campaign B,116525,30-34,Female,29,6475,1,1.350000024,1,0
2021-12-30,782337,Campaign B,116535,45-49,Female,16,104578,29,39.25000095,1,1
2021-12-31,782407,Campaign B,116547,45-49,Female,10,33664,11,12.51000035,1,0
2022-01-01,782443,Campaign B,116553,40-44,Female,20,979,0,0,1,0
2022-01-02,782541,Campaign B,116569,40-44,Female,28,7337,3,4.079999924,1,0
2022-01-03,782587,Campaign B,116577,30-34,Male,10,2499,0,0,1,0
2022-01-04,782647,Campaign B,116587,40-44,Female,27,11244,3,4.550000191,1,0
2022-01-05,782658,Campaign B,116589,30-34,Male,15,4827,0,0,1,0
2022-01-06,782694,Campaign B,116595,35-39,Female,29,29035,7,8.910000086,2,2
2022-01-07,782706,Campaign B,116597,35-39,Female,30,761,0,0,1,0
2022-01-08,782754,Campaign B,116605,35-39,Female,26,6532,1,1.610000014,1,0
2022-01-09,782815,Campaign B,116615,40-44,Female,10,11537,3,4.300000191,1,0
2022-01-10,782816,Campaign B,116615,40-44,Female,10,12183,3,2.869999945,1,0
2022-01-11,782862,Campaign B,116623,35-39,Female,64,5912,1,1.559999943,1,1
2022-01-12,950068,Campaign B,123438,30-34,Male,10,4012,1,1.570000052,1,0
2022-01-13,950078,Campaign B,123440,30-34,Male,16,12396,2,3.210000038,2,1
2022-01-14,950079,Campaign B,123440,30-34,Male,16,3142,0,0,2,2
2022-01-15,950099,Campaign B,123443,30-34,Male,18,1120,0,0,1,0
2022-01-16,950109,Campaign B,123445,30-34,Male,20,343,0,0,1,1
2022-01-17,950170,Campaign B,123455,30-34,Male,15,1720,0,0,1,1
2022-01-18,950179,Campaign B,123457,30-34,Male,16,3423,0,0,1,1
2022-01-19,950182,Campaign B,123457,30-34,Male,16,3242,0,0,1,0
2022-01-20,950183,Campaign B,123457,30-34,Male,16,15720,1,1.379999995,1,0
2022-01-21,950200,Campaign B,123460,30-34,Male,10,1217,0,0,1,1
2022-01-22,950224,Campaign B,123464,40-44,Male,20,2367,2,2.839999914,1,1
2022-01-23,950326,Campaign B,123481,35-39,Male,16,6607,1,1.320000052,2,0
2022-01-24,950345,Campaign B,123484,30-34,Male,64,616,0,0,1,0
2022-01-25,950452,Campaign B,123502,45-49,Male,16,5537,1,1.519999981,1,0
2022-01-26,950463,Campaign B,123504,45-49,Male,15,818,0,0,1,0
2022-01-27,950495,Campaign B,123509,45-49,Male,21,1909,1,0.980000019,1,0
2022-01-28,950521,Campaign B,123514,30-34,Male,21,351,0,0,1,0
2022-01-29,950531,Campaign B,123515,45-49,Male,22,572,0,0,1,0
2022-01-30,950537,Campaign B,123516,40-44,Male,36,1884,1,1.409999967,1,0
2022-01-31,950550,Campaign B,123519,30-34,Male,30,219,0,0,1,0
2022-02-01,950577,Campaign B,123523,30-34,Male,32,540,0,0,1,1
2022-02-02,950578,Campaign B,123523,30-34,Male,32,550,0,0,1,0
2022-02-03,950595,Campaign B,123526,30-34,Male,26,465,0,0,1,0
2022-02-04,950609,Campaign B,123528,30-34,Male,29,1761,0,0,1,1
2022-02-05,950629,Campaign B,123532,30-34,Male,65,152,0,0,1,1
2022-02-06,950631,Campaign B,123532,30-34,Male,65,152,0,0,1,1
2022-02-07,950649,Campaign B,123535,30-34,Male,64,429,0,0,1,0
2022-02-08,950745,Campaign B,123551,30-34,Male,29,1514,0,0,2,2
2022-02-09,950770,Campaign B,123555,30-34,Male,28,7780,3,4.329999924,2,2
2022-02-10,950772,Campaign B,123556,35-39,Male,28,460,0,0,1,0
2022-02-11,950773,Campaign B,123556,35-39,Male,28,471,0,0,1,0
2022-02-12,950776,Campaign B,123556,35-39,Male,28,2633,1,1.070000052,1,0
2022-02-13,950787,Campaign B,123558,30-34,Male,27,199,0,0,1,0
2022-02-14,950808,Campaign B,123562,35-39,Male,32,398,0,0,1,0
2022-02-15,950839,Campaign B,123567,30-34,Male,24,246,0,0,2,2
2022-02-16,950878,Campaign B,123573,40-44,Male,10,2967,1,1.5,1,1
2022-02-17,950969,Campaign B,123588,45-49,Male,36,255,0,0,1,0
2022-02-18,951021,Campaign B,123597,30-34,Female,7,457,0,0,1,1
2022-02-19,951033,Campaign B,123599,30-34,Female,10,5517,1,1.230000019,1,0
2022-02-20,951035,Campaign B,123599,30-34,Female,10,1539,0,0,1,1
2022-02-21,951043,Campaign B,123601,30-34,Female,16,3189,0,0,1,0
2022-02-22,951045,Campaign B,123601,30-34,Female,16,3348,0,0,1,0
2022-02-23,951046,Campaign B,123601,30-34,Female,16,20050,4,4.659999847,4,1
2022-02-24,951102,Campaign B,123611,45-49,Male,16,2254,0,0,1,0
2022-02-25,951105,Campaign B,123611,45-49,Male,16,5894,1,1.539999962,1,1
2022-02-26,951133,Campaign B,123616,35-39,Male,16,9948,2,2.720000029,2,0
2022-02-27,951202,Campaign B,123627,45-49,Female,26,5307,3,4.289999962,2,1
2022-02-28,951225,Campaign B,123631,35-39,Female,22,4621,2,3.25,1,1
2022-03-01,951270,Campaign B,123639,35-39,Female,18,784,0,0,1,1
2022-03-02,951282,Campaign B,123641,35-39,Female,16,5775,1,1.580000043,1,1
2022-03-03,951285,Campaign B,123641,35-39,Female,16,9297,2,2.619999886,2,1
2022-03-04,951294,Campaign B,123643,35-39,Female,15,699,0,0,1,0
2022-03-05,951305,Campaign B,123644,35-39,Female,10,1104,0,0,1,0
2022-03-06,951334,Campaign B,123649,30-34,Female,64,3717,1,1.539999962,1,0
2022-03-07,951391,Campaign B,123659,30-34,Female,28,2879,1,1.590000033,2,2
2022-03-08,951392,Campaign B,123659,30-34,Female,28,2749,1,1.389999986,1,0
2022-03-09,951400,Campaign B,123660,45-49,Female,10,24028,9,12.39000034,2,0
2022-03-10,951402,Campaign B,123661,30-34,Female,29,1118,0,0,1,1
2022-03-11,951413,Campaign B,123662,30-34,Female,26,1083,0,0,2,1
2022-03-12,951420,Campaign B,123664,30-34,Female,27,843,0,0,1,0
2022-03-13,951444,Campaign B,123668,30-34,Female,25,2983,1,0.970000029,1,0
2022-03-14,951448,Campaign B,123668,30-34,Female,25,696,0,0,1,0
2022-03-15,951462,Campaign B,123671,45-49,Female,16,7589,2,3.150000095,1,1
2022-03-16,951464,Campaign B,123671,45-49,Female,16,20997,10,11.94999981,1,0
2022-03-17,951465,Campaign B,123671,45-49,Female,16,4617,1,1.360000014,1,0
2022-03-18,951498,Campaign B,123677,45-49,Female,20,259,0,0,1,0
2022-03-19,951508,Campaign B,123678,30-34,Female,18,1134,0,0,1,0
2022-03-20,951542,Campaign B,123684,40-44,Female,27,357,0,0,1,0
2022-03-21,951607,Campaign B,123695,40-44,Female,10,848,0,0,1,1
2022-03-22,951608,Campaign B,123695,40-44,Female,10,3149,1,1.480000019,1,0
2022-03-23,951641,Campaign B,123700,40-44,Female,2,87,0,0,1,1
2022-03-24,951677,Campaign B,123706,35-39,Female,27,2563,1,1.480000019,1,0
2022-03-25,951692,Campaign B,123709,35-39,Female,10,1107,0,0,1,0
2022-03-26,951715,Campaign B,123713,45-49,Female,64,10677,5,7.269999981,1,0
2022-03-27,951756,Campaign B,123720,35-39,Female,22,2189,1,0.409999996,1,0
2022-03-28,951779,Campaign B,123723,45-49,Female,27,3277,2,2.680000067,1,0
2022-03-29,951782,Campaign B,123724,45-49,Female,26,781,0,0,1,0
2022-03-30,951810,Campaign B,123729,35-39,Female,16,2226,0,0,1,0
2022-03-31,951812,Campaign B,123729,35-39,Female,16,16274,4,6.079999924,2,0
2021-01-01,1121091,Campaign C,144531,30-34,Male,10,1194718,141,254.049996,28,14
2021-01-02,1121092,Campaign C,144531,30-34,Male,10,637648,67,122.4,13,5
2021-01-03,1121094,Campaign C,144531,30-34,Male,10,24362,0,0,1,1
2021-01-04,1121095,Campaign C,144531,30-34,Male,10,459690,50,86.33000112,5,2
2021-01-05,1121096,Campaign C,144531,30-34,Male,10,750060,86,161.9099991,11,2
2021-01-06,1121097,Campaign C,144532,30-34,Male,15,30068,1,1.820000052,1,0
2021-01-07,1121098,Campaign C,144532,30-34,Male,15,1267550,123,236.7699986,24,10
2021-01-08,1121100,Campaign C,144532,30-34,Male,15,3052003,340,639.9499981,60,17
2021-01-09,1121101,Campaign C,144532,30-34,Male,15,29945,1,1.590000033,2,1
2021-01-10,1121102,Campaign C,144532,30-34,Male,15,357856,30,52.97000015,7,3
2021-01-11,1121104,Campaign C,144533,30-34,Male,16,2080666,202,360.1500015,40,21
2021-01-12,1121105,Campaign C,144533,30-34,Male,16,145999,9,16.5200001,5,2
2021-01-13,1121107,Campaign C,144533,30-34,Male,16,32616,1,1.539999962,2,0
2021-01-14,1121108,Campaign C,144533,30-34,Male,16,984521,95,163.8999972,26,14
2021-01-15,1121110,Campaign C,144534,30-34,Male,18,880814,123,210.3600006,6,2
2021-01-16,1121111,Campaign C,144534,30-34,Male,18,182452,20,35.73000026,4,1
2021-01-17,1121113,Campaign C,144534,30-34,Male,18,894911,120,215.8399994,7,4
2021-01-18,1121114,Campaign C,144534,30-34,Male,18,31349,2,3.800000072,1,0
2021-01-19,1121115,Campaign C,144535,30-34,Male,19,410310,55,96.80000055,3,0
2021-01-20,1121116,Campaign C,144535,30-34,Male,19,572450,89,157.329998,7,4
2021-01-21,1121117,Campaign C,144535,30-34,Male,19,98759,15,26.56999946,1,1
2021-01-22,1121119,Campaign C,144535,30-34,Male,19,345371,54,93.08999991,7,3
2021-01-23,1121121,Campaign C,144536,30-34,Male,20,323899,46,78.9200002,5,1
2021-01-24,1121122,Campaign C,144536,30-34,Male,20,399199,58,103.1500002,3,0
2021-01-25,1121123,Campaign C,144536,30-34,Male,20,171202,22,36.53000021,3,1
2021-01-26,1121124,Campaign C,144536,30-34,Male,20,128386,15,28.85000002,2,1
2021-01-27,1121125,Campaign C,144536,30-34,Male,20,1034284,152,257.7099986,20,9
2021-01-28,1121126,Campaign C,144536,30-34,Male,20,45923,5,7.220000148,2,0
2021-01-29,1121127,Campaign C,144537,30-34,Male,21,40873,4,7.899999976,2,1
2021-01-30,1121128,Campaign C,144537,30-34,Male,21,286553,34,62.06000042,2,1
2021-01-31,1121129,Campaign C,144537,30-34,Male,21,20618,1,2.099999905,2,1
2021-02-01,1121131,Campaign C,144537,30-34,Male,21,83591,7,14.14000046,2,2
2021-02-02,1121132,Campaign C,144537,30-34,Male,21,114923,12,23.73000026,4,2
2021-02-03,1121133,Campaign C,144538,30-34,Male,22,25002,1,1.710000038,1,0
2021-02-04,1121134,Campaign C,144538,30-34,Male,22,68905,5,9.440000057,1,0
2021-02-05,1121136,Campaign C,144538,30-34,Male,22,169588,16,27.79999924,1,0
2021-02-06,1121138,Campaign C,144538,30-34,Male,22,328991,35,67.65000057,5,2
2021-02-07,1121141,Campaign C,144539,30-34,Male,23,23198,2,2.980000019,1,0
2021-02-08,1121142,Campaign C,144539,30-34,Male,23,26890,2,3.24000001,1,0
2021-02-09,1121143,Campaign C,144539,30-34,Male,23,221695,31,52.26000011,5,2
2021-02-10,1121152,Campaign C,144541,30-34,Male,24,88443,7,13.0400002,1,1
2021-02-11,1121153,Campaign C,144541,30-34,Male,24,187856,23,38.38999975,5,1
2021-02-12,1121164,Campaign C,144545,30-34,Male,25,570699,80,138.7699997,9,2
2021-02-13,1121167,Campaign C,144545,30-34,Male,25,1063508,145,260.3800013,23,7
2021-02-14,1121168,Campaign C,144545,30-34,Male,25,50523,6,8.549999952,1,0
2021-02-15,1121172,Campaign C,144547,30-34,Male,26,87935,9,15.63000023,1,0
2021-02-16,1121173,Campaign C,144547,30-34,Male,26,278225,33,60.19999957,3,0
2021-02-17,1121175,Campaign C,144547,30-34,Male,26,209461,20,34.19000006,1,0
2021-02-18,1121177,Campaign C,144547,30-34,Male,26,26316,2,3.24000001,3,0
2021-02-19,1121181,Campaign C,144549,30-34,Male,27,41030,3,5.140000105,2,1
2021-02-20,1121182,Campaign C,144549,30-34,Male,27,876671,120,216.5599982,22,4
2021-02-21,1121183,Campaign C,144549,30-34,Male,27,399392,53,93.07000041,5,0
2021-02-22,1121184,Campaign C,144549,30-34,Male,27,283858,30,56.05999923,1,0
2021-02-23,1121185,Campaign C,144549,30-34,Male,27,260699,31,54.09999871,5,2
2021-02-24,1121193,Campaign C,144552,30-34,Male,28,57781,5,7.800000072,2,1
2021-02-25,1121195,Campaign C,144552,30-34,Male,28,38757,3,5.220000029,1,0
2021-02-26,1121196,Campaign C,144552,30-34,Male,28,1392288,206,358.5500029,31,7
2021-02-27,1121197,Campaign C,144552,30-34,Male,28,1109387,159,280.9899995,13,2
2021-02-28,1121202,Campaign C,144554,30-34,Male,29,581281,65,115.1200008,10,5
2021-03-01,1121203,Campaign C,144554,30-34,Male,29,1048861,128,219.770002,22,8
2021-03-02,1121205,Campaign C,144554,30-34,Male,29,297452,30,52.01999986,4,1
2021-03-03,1121206,Campaign C,144554,30-34,Male,29,227925,22,35.30999994,22,12
2021-03-04,1121207,Campaign C,144554,30-34,Male,29,374175,38,63.32000101,8,3
2021-03-05,1121211,Campaign C,144556,30-34,Male,30,223586,32,54.24000037,1,0
2021-03-06,1121213,Campaign C,144556,30-34,Male,30,283170,39,65.22999996,2,1
2021-03-07,1121215,Campaign C,144556,30-34,Male,30,41636,3,4.210000038,1,0
2021-03-08,1121216,Campaign C,144556,30-34,Male,30,198658,30,48.60999978,8,1
2021-03-09,1121220,Campaign C,144558,30-34,Male,31,100596,10,13.91999972,4,2
2021-03-10,1121223,Campaign C,144558,30-34,Male,31,64020,5,11.0599997,1,0
2021-03-11,1121224,Campaign C,144558,30-34,Male,31,14289,0,0,1,0
2021-03-12,1121229,Campaign C,144561,30-34,Male,32,404866,43,87.42000079,4,0
2021-03-13,1121231,Campaign C,144561,30-34,Male,32,22256,1,1.659999967,1,1
2021-03-14,1121233,Campaign C,144561,30-34,Male,32,57690,4,6.74000001,1,0
2021-03-15,1121241,Campaign C,144562,30-34,Male,36,24952,5,8.220000267,3,2
2021-03-16,1121242,Campaign C,144562,30-34,Male,36,38900,3,5.580000043,1,0
2021-03-17,1121243,Campaign C,144562,30-34,Male,36,53520,6,9.2299999,1,1
2021-03-18,1121244,Campaign C,144562,30-34,Male,36,181683,20,34.22999972,2,1
2021-03-19,1121245,Campaign C,144562,30-34,Male,36,29185,2,3.149999976,1,0
2021-03-20,1121246,Campaign C,144562,30-34,Male,36,105047,13,20.2099994,3,1
2021-03-21,1121250,Campaign C,144565,30-34,Male,63,287976,31,59.43999982,3,2
2021-03-22,1121251,Campaign C,144565,30-34,Male,63,212175,22,38.58999968,2,1
2021-03-23,1121252,Campaign C,144565,30-34,Male,63,11139,0,0,1,1
2021-03-24,1121254,Campaign C,144565,30-34,Male,63,124005,11,21.84999979,4,1
2021-03-25,1121255,Campaign C,144565,30-34,Male,63,20423,1,1.960000038,1,0
2021-03-26,1121261,Campaign C,144567,30-34,Male,64,103001,14,22.32000005,1,0
2021-03-27,1121262,Campaign C,144567,30-34,Male,64,447420,66,110.2399991,7,2
2021-03-28,1121263,Campaign C,144567,30-34,Male,64,156101,19,29.75000048,2,2
2021-03-29,1121264,Campaign C,144567,30-34,Male,64,93015,12,18.47000015,1,0
2021-03-30,1121265,Campaign C,144568,30-34,Male,65,145398,23,36.24000025,1,0
2021-03-31,1121269,Campaign C,144568,30-34,Male,65,296413,50,76.43999958,3,1
2021-04-01,1121273,Campaign C,144569,30-34,Male,2,9370,0,0,1,1
2021-04-02,1121274,Campaign C,144569,30-34,Male,2,63785,7,11.80000019,6,2
2021-04-03,1121275,Campaign C,144569,30-34,Male,2,118522,14,26.81999981,2,1
2021-04-04,1121276,Campaign C,144569,30-34,Male,2,240123,38,65.67000115,5,4
2021-04-05,1121277,Campaign C,144570,30-34,Male,7,169108,20,32.24000025,2,1
2021-04-06,1121278,Campaign C,144570,30-34,Male,7,1044442,142,245.5999999,22,8
2021-04-07,1121279,Campaign C,144570,30-34,Male,7,93891,11,17.6400001,5,3
2021-04-08,1121282,Campaign C,144570,30-34,Male,7,185823,25,38.54999936,4,1
2021-04-09,1121284,Campaign C,144571,30-34,Male,66,175631,23,40.75999951,1,0
2021-04-10,1121285,Campaign C,144571,30-34,Male,66,37187,4,6.370000005,1,0
2021-04-11,1121286,Campaign C,144571,30-34,Male,66,10991,0,0,1,0
2021-04-12,1121287,Campaign C,144571,30-34,Male,66,344618,51,89.76000047,3,1
2021-04-13,1121289,Campaign C,144572,35-39,Male,10,98066,9,16.1500001,1,0
2021-04-14,1121290,Campaign C,144572,35-39,Male,10,770749,100,189.1299984,13,3
2021-04-15,1121291,Campaign C,144572,35-39,Male,10,52553,5,8.529999852,1,0
2021-04-16,1121292,Campaign C,144572,35-39,Male,10,362296,39,67.77000129,7,3
2021-04-17,1121293,Campaign C,144572,35-39,Male,10,427729,50,96.8999989,4,1
2021-04-18,1121296,Campaign C,144573,35-39,Male,15,180351,21,37.13000011,1,1
2021-04-19,1121297,Campaign C,144573,35-39,Male,15,187329,29,53.15999961,2,1
2021-04-20,1121300,Campaign C,144573,35-39,Male,15,782894,118,192.9299995,5,2
2021-04-21,1121302,Campaign C,144574,35-39,Male,16,1206533,128,236.1199988,17,6
2021-04-22,1121303,Campaign C,144574,35-39,Male,16,84494,7,12.57000017,2,0
2021-04-23,1121304,Campaign C,144574,35-39,Male,16,94257,7,12.5800004,1,1
2021-04-24,1121309,Campaign C,144575,35-39,Male,18,131060,16,28.04999959,2,1
2021-04-25,1121310,Campaign C,144575,35-39,Male,18,341603,50,83.48000121,4,2
2021-04-26,1121311,Campaign C,144575,35-39,Male,18,140749,19,30.4799999,1,1
2021-04-27,1121312,Campaign C,144575,35-39,Male,18,102525,13,20.29999983,2,1
2021-04-28,1121316,Campaign C,144576,35-39,Male,19,447952,68,131.5799983,8,1
2021-04-29,1121317,Campaign C,144576,35-39,Male,19,76355,9,14.62999988,2,0
2021-04-30,1121319,Campaign C,144577,35-39,Male,20,256598,38,64.46999931,6,1
2021-05-01,1121321,Campaign C,144577,35-39,Male,20,127476,21,30.15000057,3,2
2021-05-02,1121322,Campaign C,144577,35-39,Male,20,237603,37,62.25000024,5,2
2021-05-03,1121327,Campaign C,144578,35-39,Male,21,271091,42,78.03999984,3,1
2021-05-04,1121330,Campaign C,144578,35-39,Male,21,21743,2,3.400000095,1,0
2021-05-05,1121333,Campaign C,144579,35-39,Male,22,88970,10,14.8300004,2,0
2021-05-06,1121334,Campaign C,144579,35-39,Male,22,108362,13,22.42999983,1,1
2021-05-07,1121335,Campaign C,144579,35-39,Male,22,188596,27,44.14000034,3,0
2021-05-08,1121336,Campaign C,144579,35-39,Male,22,275080,43,69.65999997,4,3
2021-05-09,1121337,Campaign C,144580,35-39,Male,23,64647,10,16.26999998,1,0
2021-05-10,1121338,Campaign C,144580,35-39,Male,23,31265,4,5.789999902,1,0
2021-05-11,1121340,Campaign C,144580,35-39,Male,23,140147,24,42.08000016,2,0
2021-05-12,1121341,Campaign C,144580,35-39,Male,23,223120,40,67.66999984,1,0
2021-05-13,1121342,Campaign C,144580,35-39,Male,23,104869,18,34.07000089,1,0
2021-05-14,1121344,Campaign C,144581,35-39,Male,24,165177,23,41.71999967,4,1
2021-05-15,1121345,Campaign C,144581,35-39,Male,24,84194,11,19.56999981,1,0
2021-05-16,1121347,Campaign C,144581,35-39,Male,24,220581,31,57.37,1,1
2021-05-17,1121350,Campaign C,144582,35-39,Male,25,75804,10,17.36999965,2,1
2021-05-18,1121352,Campaign C,144582,35-39,Male,25,368986,59,100.289999,0,0
2021-05-19,1121353,Campaign C,144582,35-39,Male,25,28194,3,3.709999919,2,0
2021-05-20,1121355,Campaign C,144583,35-39,Male,26,99961,14,23.2099998,1,0
2021-05-21,1121359,Campaign C,144583,35-39,Male,26,7573,0,0,1,0
2021-05-22,1121361,Campaign C,144584,35-39,Male,27,685781,103,177.8899992,10,1
2021-05-23,1121364,Campaign C,144584,35-39,Male,27,274222,43,66.7700001,2,1
2021-05-24,1121365,Campaign C,144584,35-39,Male,27,110503,25,32.67999995,4,0
2021-05-25,1121367,Campaign C,144585,35-39,Male,28,1447755,233,420.5799983,11,8
2021-05-26,1121368,Campaign C,144585,35-39,Male,28,358987,52,87.55000067,1,0
2021-05-27,1121369,Campaign C,144585,35-39,Male,28,826205,125,232.3700008,5,1
2021-05-28,1121370,Campaign C,144585,35-39,Male,28,550954,84,150.1400012,3,0
2021-05-29,1121372,Campaign C,144585,35-39,Male,28,378350,55,96.48000073,4,0
2021-05-30,1121373,Campaign C,144586,35-39,Male,29,492784,56,95.5100013,7,4
2021-05-31,1121374,Campaign C,144586,35-39,Male,29,327158,43,72.3100003,6,2
2021-06-01,1121375,Campaign C,144586,35-39,Male,29,9921,0,0,1,0
2021-06-02,1121377,Campaign C,144586,35-39,Male,29,59390,5,9.209999919,5,3
2021-06-03,1121378,Campaign C,144586,35-39,Male,29,1040330,147,254.2500038,13,2
2021-06-04,1121379,Campaign C,144587,35-39,Male,30,49422,6,11.17000031,1,0
2021-06-05,1121380,Campaign C,144587,35-39,Male,30,131091,18,34.23000026,3,1
2021-06-06,1121381,Campaign C,144587,35-39,Male,30,95691,15,25.26000011,1,1
2021-06-07,1121390,Campaign C,144588,35-39,Male,31,15513,1,1.289999962,1,0
2021-06-08,1121391,Campaign C,144589,35-39,Male,32,382537,63,113.9900012,4,3
2021-06-09,1121394,Campaign C,144589,35-39,Male,32,461356,64,121.0999982,6,3
2021-06-10,1121395,Campaign C,144589,35-39,Male,32,392541,53,98.70000017,3,2
2021-06-11,1121398,Campaign C,144590,35-39,Male,36,35088,5,8.800000072,1,1
2021-06-12,1121400,Campaign C,144590,35-39,Male,36,53933,6,9.929999948,3,1
2021-06-13,1121403,Campaign C,144591,35-39,Male,63,228861,33,53.38999939,4,2
2021-06-14,1121405,Campaign C,144591,35-39,Male,63,20959,2,3.769999981,1,1
2021-06-15,1121410,Campaign C,144592,35-39,Male,64,24992,2,3.190000057,1,0
2021-06-16,1121411,Campaign C,144592,35-39,Male,64,100351,15,24.17999995,2,1
2021-06-17,1121412,Campaign C,144592,35-39,Male,64,292448,43,76.89999968,2,1
2021-06-18,1121413,Campaign C,144592,35-39,Male,64,65060,7,14.5200001,1,1
2021-06-19,1121414,Campaign C,144592,35-39,Male,64,133316,21,36.17000055,2,0
2021-06-20,1121415,Campaign C,144593,35-39,Male,65,113501,26,38.44000077,5,4
2021-06-21,1121418,Campaign C,144593,35-39,Male,65,192810,41,61.92999995,4,3
2021-06-22,1121421,Campaign C,144594,35-39,Male,2,233404,43,70.4100008,2,1
2021-06-23,1121422,Campaign C,144594,35-39,Male,2,128843,24,37.5999999,2,0
2021-06-24,1121423,Campaign C,144594,35-39,Male,2,63564,12,20.59000027,2,0
2021-06-25,1121425,Campaign C,144594,35-39,Male,2,85970,14,24.78000021,1,1
2021-06-26,1121428,Campaign C,144595,35-39,Male,7,131232,16,29.53999937,1,1
2021-06-27,1121429,Campaign C,144595,35-39,Male,7,152454,22,37.84999979,1,1
2021-06-28,1121430,Campaign C,144595,35-39,Male,7,28989,2,2.290000021,1,0
2021-06-29,1121433,Campaign C,144596,35-39,Male,66,80248,15,24.1900003,1,1
2021-06-30,1121437,Campaign C,144596,35-39,Male,66,38580,5,8.519999981,1,0
2021-07-01,1121439,Campaign C,144597,40-44,Male,10,621591,91,163.36,5,1
2021-07-02,1121440,Campaign C,144597,40-44,Male,10,250499,36,58.14000005,3,1
2021-07-03,1121442,Campaign C,144597,40-44,Male,10,131637,18,29.30999982,2,1
2021-07-04,1121443,Campaign C,144597,40-44,Male,10,463813,69,116.3399996,4,2
2021-07-05,1121444,Campaign C,144597,40-44,Male,10,211767,35,60.89999914,5,1
2021-07-06,1121446,Campaign C,144598,40-44,Male,15,163181,26,40.02000093,1,1
2021-07-07,1121451,Campaign C,144599,40-44,Male,16,1117385,147,260.0699984,11,2
2021-07-08,1121452,Campaign C,144599,40-44,Male,16,1663441,205,359.4700001,17,6
2021-07-09,1121453,Campaign C,144599,40-44,Male,16,455248,54,105.7099996,5,2
2021-07-10,1121454,Campaign C,144599,40-44,Male,16,75589,6,10.66000009,1,1
2021-07-11,1121455,Campaign C,144599,40-44,Male,16,594267,82,143.3000009,3,2
2021-07-12,1121456,Campaign C,144599,40-44,Male,16,315281,35,65.02999854,1,0
2021-07-13,1121464,Campaign C,144601,40-44,Male,19,363456,71,117.5599997,7,1
2021-07-14,1121466,Campaign C,144601,40-44,Male,19,438983,81,143.4300001,3,1
2021-07-15,1121467,Campaign C,144601,40-44,Male,19,42563,5,9.659999847,1,1
2021-07-16,1121469,Campaign C,144602,40-44,Male,20,399035,75,124.7999995,7,3
2021-07-17,1121471,Campaign C,144602,40-44,Male,20,304680,59,98.55000019,3,0
2021-07-18,1121472,Campaign C,144602,40-44,Male,20,140596,23,40.77000022,1,0
2021-07-19,1121473,Campaign C,144602,40-44,Male,20,439986,80,134.8799999,4,3
2021-07-20,1121474,Campaign C,144602,40-44,Male,20,75803,11,19.3599999,2,2
2021-07-21,1121477,Campaign C,144603,40-44,Male,21,7073,0,0,1,0
2021-07-22,1121481,Campaign C,144604,40-44,Male,22,153586,28,43.01000035,2,0
2021-07-23,1121482,Campaign C,144604,40-44,Male,22,180815,31,42.62999976,1,0
2021-07-24,1121483,Campaign C,144604,40-44,Male,22,253169,51,75.78999984,1,0
2021-07-25,1121484,Campaign C,144604,40-44,Male,22,34453,5,7.710000038,1,1
2021-07-26,1121487,Campaign C,144605,40-44,Male,23,51550,8,14.03999984,1,0
2021-07-27,1121489,Campaign C,144605,40-44,Male,23,110018,24,39.85999966,1,0
2021-07-28,1121493,Campaign C,144606,40-44,Male,24,137584,21,36.77999961,1,0
2021-07-29,1121497,Campaign C,144606,40-44,Male,24,209825,30,54.86999953,1,0
2021-07-30,1121499,Campaign C,144607,40-44,Male,25,264222,63,87.7899996,1,1
2021-07-31,1121510,Campaign C,144608,40-44,Male,26,31202,5,6.730000019,1,0
2021-08-01,1121511,Campaign C,144609,40-44,Male,27,252991,49,76.83999932,3,0
2021-08-02,1121514,Campaign C,144609,40-44,Male,27,56265,9,15.53999972,1,0
2021-08-03,1121523,Campaign C,144611,40-44,Male,29,76923,11,17.67000008,2,2
2021-08-04,1121524,Campaign C,144611,40-44,Male,29,209332,30,49.60000014,3,1
2021-08-05,1121525,Campaign C,144611,40-44,Male,29,214094,31,53.26999903,1,0
2021-08-06,1121526,Campaign C,144611,40-44,Male,29,526209,85,126.9299996,3,2
2021-08-07,1121527,Campaign C,144611,40-44,Male,29,741143,120,179.620001,4,1
2021-08-08,1121528,Campaign C,144611,40-44,Male,29,172827,25,38.42000043,2,0
2021-08-09,1121530,Campaign C,144612,40-44,Male,30,188873,38,58.5999999,1,1
2021-08-10,1121532,Campaign C,144612,40-44,Male,30,123126,25,39.72999978,2,1
2021-08-11,1121535,Campaign C,144613,40-44,Male,31,77794,14,19.11000001,1,1
2021-08-12,1121541,Campaign C,144614,40-44,Male,32,56630,9,15.81000018,1,1
2021-08-13,1121544,Campaign C,144614,40-44,Male,32,400844,85,140.9700022,4,2
2021-08-14,1121545,Campaign C,144614,40-44,Male,32,208572,36,60.76000023,2,1
2021-08-15,1121548,Campaign C,144615,40-44,Male,36,59004,8,13.51000011,1,0
2021-08-16,1121551,Campaign C,144615,40-44,Male,36,196253,32,55.10000002,1,0
2021-08-17,1121554,Campaign C,144616,40-44,Male,63,51858,8,12.63000011,1,1
2021-08-18,1121557,Campaign C,144616,40-44,Male,63,280764,49,81.36000025,2,1
2021-08-19,1121561,Campaign C,144617,40-44,Male,64,63660,11,16.47000003,1,1
2021-08-20,1121562,Campaign C,144617,40-44,Male,64,109289,19,31.02999997,1,0
2021-08-21,1121568,Campaign C,144618,40-44,Male,65,188440,40,60.72999966,2,1
2021-08-22,1121571,Campaign C,144619,40-44,Male,2,212496,44,74.83000135,2,1
2021-08-23,1121572,Campaign C,144619,40-44,Male,2,32574,5,7.480000019,1,0
2021-08-24,1121575,Campaign C,144619,40-44,Male,2,128595,23,36.4800005,1,1
2021-08-25,1121577,Campaign C,144620,40-44,Male,7,242234,48,68.06000054,2,0
2021-08-26,1121584,Campaign C,144621,40-44,Male,66,33154,5,7.879999995,1,1
2021-08-27,1121585,Campaign C,144621,40-44,Male,66,9773,1,1.460000038,1,0
2021-08-28,1121589,Campaign C,144622,45-49,Male,10,464036,77,123.5500004,3,1
2021-08-29,1121590,Campaign C,144622,45-49,Male,10,478480,75,135.7500012,3,1
2021-08-30,1121592,Campaign C,144622,45-49,Male,10,428812,66,116.8800001,4,2
2021-08-31,1121593,Campaign C,144622,45-49,Male,10,1177535,221,365.6600009,15,3
2021-09-01,1121594,Campaign C,144622,45-49,Male,10,426500,72,128.2799988,4,1
2021-09-02,1121597,Campaign C,144623,45-49,Male,15,54237,7,10.77999985,2,1
2021-09-03,1121598,Campaign C,144623,45-49,Male,15,506916,89,133.6999986,2,2
2021-09-04,1121599,Campaign C,144623,45-49,Male,15,250960,42,64.87999952,2,0
2021-09-05,1121601,Campaign C,144624,45-49,Male,16,2286228,353,603.380002,16,7
2021-09-06,1121602,Campaign C,144624,45-49,Male,16,915451,125,220.559999,6,1
2021-09-07,1121603,Campaign C,144624,45-49,Male,16,159478,20,33.89999998,3,1
2021-09-08,1121605,Campaign C,144624,45-49,Male,16,1228924,190,318.9700032,6,3
2021-09-09,1121606,Campaign C,144624,45-49,Male,16,938283,134,248.6400001,7,2
2021-09-10,1121607,Campaign C,144625,45-49,Male,18,154572,26,40.93000007,1,1
2021-09-11,1121609,Campaign C,144625,45-49,Male,18,378171,70,109.2500008,1,0
2021-09-12,1121612,Campaign C,144625,45-49,Male,18,468749,84,134.1199975,6,1
2021-09-13,1121613,Campaign C,144626,45-49,Male,19,309823,60,103.3899996,4,4
2021-09-14,1121615,Campaign C,144626,45-49,Male,19,327227,65,116.5599996,5,0
2021-09-15,1121616,Campaign C,144626,45-49,Male,19,334945,72,120.2999994,2,1
2021-09-16,1121617,Campaign C,144626,45-49,Male,19,68859,15,25.45999968,1,0
2021-09-17,1121619,Campaign C,144627,45-49,Male,20,127125,20,35.67999983,2,0
2021-09-18,1121620,Campaign C,144627,45-49,Male,20,415798,80,131.7800006,3,1
2021-09-19,1121622,Campaign C,144627,45-49,Male,20,107671,20,29.91000021,1,1
2021-09-20,1121623,Campaign C,144627,45-49,Male,20,164356,28,46.7900002,2,1
2021-09-21,1121624,Campaign C,144627,45-49,Male,20,17662,2,3.189999938,1,0
2021-09-22,1121627,Campaign C,144628,45-49,Male,21,65339,10,16.67999983,2,0
2021-09-23,1121628,Campaign C,144628,45-49,Male,21,59838,7,11.11000013,1,0
2021-09-24,1121629,Campaign C,144628,45-49,Male,21,381577,81,127.5699993,2,0
2021-09-25,1121635,Campaign C,144629,45-49,Male,22,45491,8,11.00999999,1,0
2021-09-26,1121638,Campaign C,144630,45-49,Male,23,18946,2,3.599999905,1,0
2021-09-27,1121641,Campaign C,144630,45-49,Male,23,114370,18,33.65999997,1,0
2021-09-28,1121642,Campaign C,144630,45-49,Male,23,99698,21,33.3499999,1,0
2021-09-29,1121644,Campaign C,144631,45-49,Male,24,355165,81,128.6099997,4,3
2021-09-30,1121650,Campaign C,144632,45-49,Male,25,101431,23,33.93000031,1,1
2021-10-01,1121652,Campaign C,144632,45-49,Male,25,123151,24,36.4400003,2,1
2021-10-02,1121660,Campaign C,144633,45-49,Male,26,24078,4,5.769999981,1,0
2021-10-03,1121661,Campaign C,144634,45-49,Male,27,517801,105,181.7200011,3,0
2021-10-04,1121662,Campaign C,144634,45-49,Male,27,145104,25,41.42000008,2,1
2021-10-05,1121664,Campaign C,144634,45-49,Male,27,179950,35,58.67999971,1,0
2021-10-06,1121665,Campaign C,144634,45-49,Male,27,258531,46,80.33999979,2,0
2021-10-07,1121666,Campaign C,144634,45-49,Male,27,272500,62,104.4599996,3,0
2021-10-08,1121667,Campaign C,144635,45-49,Male,28,273197,57,87.7300005,3,0
2021-10-09,1121668,Campaign C,144635,45-49,Male,28,775904,172,253.990002,4,2
2021-10-10,1121669,Campaign C,144635,45-49,Male,28,120251,26,39.44000006,1,0
2021-10-11,1121671,Campaign C,144635,45-49,Male,28,139406,24,39.04999948,1,0
2021-10-12,1121672,Campaign C,144635,45-49,Male,28,60314,11,16.93999958,2,1
2021-10-13,1121673,Campaign C,144636,45-49,Male,29,563074,86,142.7099985,4,2
2021-10-14,1121674,Campaign C,144636,45-49,Male,29,168655,18,27.29999983,2,0
2021-10-15,1121675,Campaign C,144636,45-49,Male,29,111963,17,29.3799994,2,1
2021-10-16,1121676,Campaign C,144636,45-49,Male,29,1026304,168,277.5799986,17,8
2021-10-17,1121677,Campaign C,144636,45-49,Male,29,1391924,258,422.8400038,17,10
2021-10-18,1121678,Campaign C,144636,45-49,Male,29,147551,22,38.50000083,1,0
2021-10-19,1121685,Campaign C,144638,45-49,Male,31,66794,9,17.3299998,1,1
2021-10-20,1121687,Campaign C,144638,45-49,Male,31,118882,19,32.30999994,2,1
2021-10-21,1121689,Campaign C,144638,45-49,Male,31,148010,24,41.96999943,1,0
2021-10-22,1121691,Campaign C,144639,45-49,Male,32,932890,197,352.4499989,3,1
2021-10-23,1121692,Campaign C,144639,45-49,Male,32,718359,147,264.5899997,4,1
2021-10-24,1121693,Campaign C,144639,45-49,Male,32,433658,82,158.5999998,5,2
2021-10-25,1121695,Campaign C,144639,45-49,Male,32,29455,3,4.769999981,1,0
2021-10-26,1121701,Campaign C,144640,45-49,Male,36,23973,3,4.820000052,1,1
2021-10-27,1121705,Campaign C,144641,45-49,Male,63,126480,25,37.25999999,1,1
2021-10-28,1121706,Campaign C,144641,45-49,Male,63,138959,28,39.5200007,1,0
2021-10-29,1121708,Campaign C,144641,45-49,Male,63,68829,12,19.47999978,1,0
2021-10-30,1121711,Campaign C,144642,45-49,Male,64,49916,10,16.38,1,1
2021-10-31,1121716,Campaign C,144643,45-49,Male,65,76014,16,22.67000031,1,1
2021-11-01,1121723,Campaign C,144644,45-49,Male,2,50947,10,15.99000025,1,0
2021-11-02,1121733,Campaign C,144646,45-49,Male,66,55536,11,17.04999995,1,0
2021-11-03,1121741,Campaign C,144647,30-34,Female,10,318042,46,64.40999997,8,4
2021-11-04,1121742,Campaign C,144647,30-34,Female,10,213016,30,44.21999955,8,2
2021-11-05,1121745,Campaign C,144648,30-34,Female,15,182265,27,38.18000007,2,1
2021-11-06,1121746,Campaign C,144648,30-34,Female,15,1117371,177,268.050002,26,5
2021-11-07,1121749,Campaign C,144648,30-34,Female,15,333345,52,77.59000027,5,1
2021-11-08,1121751,Campaign C,144649,30-34,Female,16,275930,30,46.77999997,5,2
2021-11-09,1121753,Campaign C,144649,30-34,Female,16,740631,101,153.1199975,9,1
2021-11-10,1121754,Campaign C,144649,30-34,Female,16,328272,35,55.99000025,2,1
2021-11-11,1121755,Campaign C,144649,30-34,Female,16,178455,20,31.5400002,6,3
2021-11-12,1121756,Campaign C,144649,30-34,Female,16,705712,98,147.339999,6,1
2021-11-13,1121758,Campaign C,144650,30-34,Female,18,690373,91,159.5700021,5,2
2021-11-14,1121759,Campaign C,144650,30-34,Female,18,515812,69,117.6299995,3,1
2021-11-15,1121760,Campaign C,144650,30-34,Female,18,764793,101,171.9799976,4,2
2021-11-16,1121763,Campaign C,144651,30-34,Female,19,87832,11,18.10000038,1,1
2021-11-17,1121764,Campaign C,144651,30-34,Female,19,23368,3,4.300000191,1,0
2021-11-18,1121765,Campaign C,144651,30-34,Female,19,51509,7,11.57000005,1,0
2021-11-19,1121767,Campaign C,144651,30-34,Female,19,87043,16,24.48000002,2,0
2021-11-20,1121768,Campaign C,144651,30-34,Female,19,565565,113,169.6699982,7,4
2021-11-21,1121769,Campaign C,144652,30-34,Female,20,253758,43,62.14000034,4,1
2021-11-22,1121773,Campaign C,144652,30-34,Female,20,319131,51,76.68000025,6,1
2021-11-23,1121774,Campaign C,144652,30-34,Female,20,670608,130,195.1499978,11,3
2021-11-24,1121775,Campaign C,144653,30-34,Female,21,159123,25,38.36000013,5,3
2021-11-25,1121776,Campaign C,144653,30-34,Female,21,103709,15,24.56999969,3,1
2021-11-26,1121779,Campaign C,144653,30-34,Female,21,271589,45,74.41000032,9,3
2021-11-27,1121780,Campaign C,144653,30-34,Female,21,119772,20,33.46999907,5,2
2021-11-28,1121782,Campaign C,144654,30-34,Female,22,26340,3,4.220000029,1,1
2021-11-29,1121783,Campaign C,144654,30-34,Female,22,594968,111,147.6700006,4,0
2021-11-30,1121791,Campaign C,144655,30-34,Female,23,6838,0,0,1,0
2021-12-01,1121793,Campaign C,144656,30-34,Female,24,185665,39,62.14000058,1,0
2021-12-02,1121795,Campaign C,144656,30-34,Female,24,24959,3,4.560000062,1,1
2021-12-03,1121796,Campaign C,144656,30-34,Female,24,136967,23,35.05999982,3,1
2021-12-04,1121798,Campaign C,144656,30-34,Female,24,107548,19,29.31000018,1,0
2021-12-05,1121803,Campaign C,144657,30-34,Female,25,588617,119,169.9199973,2,0
2021-12-06,1121806,Campaign C,144658,30-34,Female,26,190560,26,41.63,3,1
2021-12-07,1121807,Campaign C,144658,30-34,Female,26,373110,49,75.70000076,4,2
2021-12-08,1121812,Campaign C,144659,30-34,Female,27,935646,170,256.4699982,19,6
2021-12-09,1121814,Campaign C,144659,30-34,Female,27,2223278,421,612.3000032,38,13
2021-12-10,1121815,Campaign C,144659,30-34,Female,27,240497,36,51.84000087,1,0
2021-12-11,1121816,Campaign C,144659,30-34,Female,27,259984,37,54.7900002,5,0
2021-12-12,1121817,Campaign C,144660,30-34,Female,28,606786,127,179.050001,11,3
2021-12-13,1121818,Campaign C,144660,30-34,Female,28,83270,13,17.74000001,1,0
2021-12-14,1121819,Campaign C,144660,30-34,Female,28,1189509,268,375.7199963,7,3
2021-12-15,1121820,Campaign C,144660,30-34,Female,28,11471,1,1.570000052,0,0
2021-12-16,1121824,Campaign C,144661,30-34,Female,29,1705246,295,429.4799981,23,10
2021-12-17,1121826,Campaign C,144661,30-34,Female,29,418016,63,95.8500005,3,1
2021-12-18,1121827,Campaign C,144661,30-34,Female,29,30155,3,3.819999933,1,0
2021-12-19,1121828,Campaign C,144661,30-34,Female,29,990404,153,226.5399992,12,6
2021-12-20,1121829,Campaign C,144662,30-34,Female,30,187468,34,50.72000062,2,1
2021-12-21,1121832,Campaign C,144662,30-34,Female,30,208301,33,54.57000089,1,0
2021-12-22,1121833,Campaign C,144662,30-34,Female,30,101856,16,25.22000039,4,1
2021-12-23,1121835,Campaign C,144663,30-34,Female,31,48935,7,9.970000267,1,1
2021-12-24,1121839,Campaign C,144663,30-34,Female,31,13911,1,1.730000019,1,1
2021-12-25,1121841,Campaign C,144664,30-34,Female,32,511726,77,123.0900019,8,4
2021-12-26,1121843,Campaign C,144664,30-34,Female,32,177452,24,37.83000016,2,0
2021-12-27,1121844,Campaign C,144664,30-34,Female,32,149808,20,33.03999937,1,1
2021-12-28,1121845,Campaign C,144664,30-34,Female,32,390339,60,105.0199997,9,6
2021-12-29,1121846,Campaign C,144664,30-34,Female,32,8350,0,0,1,0
2021-12-30,1121847,Campaign C,144665,30-34,Female,36,39339,4,5.929999948,1,0
2021-12-31,1121854,Campaign C,144666,30-34,Female,63,8587,0,0,1,0
2022-01-01,1121855,Campaign C,144666,30-34,Female,63,24893,2,3.75,1,0
2022-01-02,1121856,Campaign C,144666,30-34,Female,63,1296189,212,343.2599944,14,4
2022-01-03,1121857,Campaign C,144666,30-34,Female,63,91607,12,19.1899997,2,1
2022-01-04,1121859,Campaign C,144667,30-34,Female,64,238036,38,61.02999771,6,3
2022-01-05,1121860,Campaign C,144667,30-34,Female,64,254344,35,56.16999996,2,1
2022-01-06,1121861,Campaign C,144667,30-34,Female,64,157705,23,39.23000026,2,0
2022-01-07,1121862,Campaign C,144667,30-34,Female,64,411571,60,99.1799984,6,1
2022-01-08,1121863,Campaign C,144667,30-34,Female,64,94136,11,16.17999971,1,0
2022-01-09,1121867,Campaign C,144668,30-34,Female,65,82640,16,23.97000039,1,1
2022-01-10,1121869,Campaign C,144668,30-34,Female,65,17870,2,2.620000005,1,1
2022-01-11,1121871,Campaign C,144669,30-34,Female,2,19178,2,2.779999971,1,1
2022-01-12,1121873,Campaign C,144669,30-34,Female,2,5264,0,0,1,0
2022-01-13,1121874,Campaign C,144669,30-34,Female,2,145548,28,42.37000036,2,1
2022-01-14,1121876,Campaign C,144669,30-34,Female,2,82455,15,22.04999971,1,0
2022-01-15,1121877,Campaign C,144670,30-34,Female,7,44189,7,10.31999981,2,0
2022-01-16,1121878,Campaign C,144670,30-34,Female,7,45199,7,9.809999943,1,0
2022-01-17,1121881,Campaign C,144670,30-34,Female,7,221843,43,63.45000076,5,0
2022-01-18,1121888,Campaign C,144671,30-34,Female,66,41672,6,10.54999995,2,1
2022-01-19,1121889,Campaign C,144672,35-39,Female,10,127546,25,38.94000041,2,0
2022-01-20,1121890,Campaign C,144672,35-39,Female,10,127865,28,38.02999961,3,1
2022-01-21,1121891,Campaign C,144672,35-39,Female,10,1025327,229,314.2999983,16,2
2022-01-22,1121894,Campaign C,144672,35-39,Female,10,561415,124,173.76,3,0
2022-01-23,1121895,Campaign C,144673,35-39,Female,15,132803,25,37.32000124,2,1
2022-01-24,1121897,Campaign C,144673,35-39,Female,15,24664,2,2.629999995,1,1
2022-01-25,1121901,Campaign C,144674,35-39,Female,16,1020561,172,263.8100007,7,3
2022-01-26,1121902,Campaign C,144674,35-39,Female,16,682143,114,177.1099993,6,2
2022-01-27,1121903,Campaign C,144674,35-39,Female,16,1247717,222,343.4199994,11,4
2022-01-28,1121904,Campaign C,144674,35-39,Female,16,146406,23,33.22999942,1,1
2022-01-29,1121905,Campaign C,144674,35-39,Female,16,905699,161,234.6599982,4,1
2022-01-30,1121906,Campaign C,144674,35-39,Female,16,1184580,194,297.8299981,14,3
2022-01-31,1121907,Campaign C,144675,35-39,Female,18,98057,20,31.00999963,1,1
2022-02-01,1121917,Campaign C,144676,35-39,Female,19,238735,56,84.65999889,4,1
2022-02-02,1121918,Campaign C,144676,35-39,Female,19,320657,77,115.8800026,2,0
2022-02-03,1121925,Campaign C,144678,35-39,Female,21,244074,57,84.51000023,4,2
2022-02-04,1121928,Campaign C,144678,35-39,Female,21,39146,8,13.05999959,1,0
2022-02-05,1121931,Campaign C,144679,35-39,Female,22,78468,15,23.64999962,1,0
2022-02-06,1121933,Campaign C,144679,35-39,Female,22,325653,63,89.35000026,2,0
2022-02-07,1121935,Campaign C,144679,35-39,Female,22,66277,12,17.30000019,1,0
2022-02-08,1121936,Campaign C,144679,35-39,Female,22,93002,16,23.33999968,1,0
2022-02-09,1121944,Campaign C,144681,35-39,Female,24,109723,27,40.9600004,1,0
2022-02-10,1121948,Campaign C,144681,35-39,Female,24,118941,35,50.11000001,4,1
2022-02-11,1121949,Campaign C,144682,35-39,Female,25,221576,47,66.79000068,6,1
2022-02-12,1121953,Campaign C,144682,35-39,Female,25,8341,1,1.639999986,1,0
2022-02-13,1121954,Campaign C,144682,35-39,Female,25,120335,26,36.2299993,2,0
2022-02-14,1121955,Campaign C,144683,35-39,Female,26,182098,40,62.86999989,1,1
2022-02-15,1121956,Campaign C,144683,35-39,Female,26,227473,52,71.58000052,1,1
2022-02-16,1121962,Campaign C,144684,35-39,Female,27,1050947,230,350.5099957,6,1
2022-02-17,1121963,Campaign C,144684,35-39,Female,27,720859,162,213.6899986,13,5
2022-02-18,1121971,Campaign C,144685,35-39,Female,28,41111,8,10.96000016,1,0
2022-02-19,1121973,Campaign C,144686,35-39,Female,29,148616,25,37.39999962,6,4
2022-02-20,1121976,Campaign C,144686,35-39,Female,29,707260,135,210.8200028,13,6
2022-02-21,1121977,Campaign C,144686,35-39,Female,29,139596,26,42.41000032,1,1
2022-02-22,1121983,Campaign C,144687,35-39,Female,30,105399,22,33.19999933,2,0
2022-02-23,1121994,Campaign C,144689,35-39,Female,32,222378,50,72.91000104,1,0
2022-02-24,1122003,Campaign C,144691,35-39,Female,63,975792,210,293.8800011,10,4
2022-02-25,1122004,Campaign C,144691,35-39,Female,63,579150,125,167.0499997,5,1
2022-02-26,1122005,Campaign C,144691,35-39,Female,63,449588,81,123.800001,5,2
2022-02-27,1122006,Campaign C,144691,35-39,Female,63,318157,56,85.70000196,3,0
2022-02-28,1122007,Campaign C,144691,35-39,Female,63,196967,43,65.17999971,2,1
2022-03-01,1122011,Campaign C,144692,35-39,Female,64,158298,37,46.43000007,4,1
2022-03-02,1122012,Campaign C,144692,35-39,Female,64,222739,55,68.55999959,5,2
2022-03-03,1122022,Campaign C,144694,35-39,Female,2,20780,5,8.189999938,1,0
2022-03-04,1122027,Campaign C,144695,35-39,Female,7,128616,33,48.54999948,2,0
2022-03-05,1122039,Campaign C,144697,40-44,Female,10,258954,61,82.27999902,1,0
2022-03-06,1122040,Campaign C,144697,40-44,Female,10,205289,48,71.53000104,3,0
2022-03-07,1122041,Campaign C,144697,40-44,Female,10,611601,138,191.419996,8,3
2022-03-08,1122043,Campaign C,144697,40-44,Female,10,947657,233,321.8700004,8,4
2022-03-09,1122044,Campaign C,144697,40-44,Female,10,233043,49,65.03000033,2,0
2022-03-10,1122047,Campaign C,144698,40-44,Female,15,582725,142,194.8099988,9,2
2022-03-11,1122052,Campaign C,144699,40-44,Female,16,265038,51,78.45999932,2,1
2022-03-12,1122054,Campaign C,144699,40-44,Female,16,222273,39,53.62999868,6,1
2022-03-13,1122055,Campaign C,144699,40-44,Female,16,797234,170,243.7699978,4,1
2022-03-14,1122056,Campaign C,144699,40-44,Female,16,925555,182,262.8899981,4,2
2022-03-15,1122058,Campaign C,144700,40-44,Female,18,22210,3,4.050000191,1,1
2022-03-16,1122075,Campaign C,144703,40-44,Female,21,46391,11,16.40999985,3,1
2022-03-17,1122078,Campaign C,144703,40-44,Female,21,190477,42,66.38999987,1,0
2022-03-18,1122079,Campaign C,144703,40-44,Female,21,25382,7,9.609999895,1,0
2022-03-19,1122085,Campaign C,144704,40-44,Female,22,65726,17,22.12000012,2,0
2022-03-20,1122089,Campaign C,144705,40-44,Female,23,195220,51,78.06000042,1,0
2022-03-21,1122092,Campaign C,144705,40-44,Female,23,107501,27,40.87999928,2,2
2022-03-22,1122101,Campaign C,144707,40-44,Female,25,197772,63,88.21000016,7,2
2022-03-23,1122102,Campaign C,144707,40-44,Female,25,138154,35,48.93999863,1,0
2022-03-24,1122103,Campaign C,144707,40-44,Female,25,270124,69,95.84999895,2,0
2022-03-25,1122105,Campaign C,144708,40-44,Female,26,303971,77,106.9299998,11,6
2022-03-26,1122107,Campaign C,144708,40-44,Female,26,682046,183,254.419997,4,2
2022-03-27,1122109,Campaign C,144708,40-44,Female,26,328365,83,117.3400005,2,1
2022-03-28,1122112,Campaign C,144709,40-44,Female,27,1083259,276,390.2599992,11,0
2022-03-29,1122113,Campaign C,144709,40-44,Female,27,913929,245,340.4099993,7,2
2022-03-30,1122118,Campaign C,144710,40-44,Female,28,101586,24,33.47000039,2,1
2022-03-31,1122120,Campaign C,144710,40-44,Female,28,181053,46,66.27999985,3,1
2022-04-01,1122121,Campaign C,144710,40-44,Female,28,133419,35,48.18000007,2,1
2022-04-02,1122125,Campaign C,144711,40-44,Female,29,489573,113,156.1199993,3,2
2022-04-03,1122127,Campaign C,144711,40-44,Female,29,822023,194,288.3300035,6,0
2022-04-04,1122131,Campaign C,144712,40-44,Female,30,93176,29,40.37000024,1,1
2022-04-05,1122138,Campaign C,144713,40-44,Female,31,47229,13,19.27999985,1,0
2022-04-06,1122139,Campaign C,144713,40-44,Female,31,92263,24,34.03000015,1,0
2022-04-07,1122140,Campaign C,144713,40-44,Female,31,81551,21,29.67000008,1,0
2022-04-08,1122145,Campaign C,144714,40-44,Female,32,141037,32,47.78999913,3,0
2022-04-09,1122146,Campaign C,144714,40-44,Female,32,319501,79,111.6500003,0,0
2022-04-10,1122149,Campaign C,144715,40-44,Female,36,72741,19,24.33000016,2,0
2022-04-11,1122154,Campaign C,144716,40-44,Female,63,597419,135,188.5100002,2,1
2022-04-12,1122157,Campaign C,144716,40-44,Female,63,98768,21,33.14000034,1,1
2022-04-13,1122160,Campaign C,144717,40-44,Female,64,173165,41,59.85000026,1,0
2022-04-14,1122165,Campaign C,144718,40-44,Female,65,55823,13,21.10999966,1,1
2022-04-15,1122166,Campaign C,144718,40-44,Female,65,118451,28,38.35000062,4,1
2022-04-16,1122176,Campaign C,144719,40-44,Female,2,74424,22,30.84000027,1,1
2022-04-17,1122177,Campaign C,144720,40-44,Female,7,47929,12,14.58999991,1,1
2022-04-18,1122182,Campaign C,144720,40-44,Female,7,40801,12,15.91999972,0,0
2022-04-19,1122183,Campaign C,144721,40-44,Female,66,66017,17,24.22000015,1,0
2022-04-20,1122189,Campaign C,144722,45-49,Female,10,725043,179,238.4000007,5,3
2022-04-21,1122191,Campaign C,144722,45-49,Female,10,382776,97,132.7300007,5,1
2022-04-22,1122192,Campaign C,144722,45-49,Female,10,548250,137,201.6000042,5,1
2022-04-23,1122193,Campaign C,144722,45-49,Female,10,1358324,346,465.0799981,8,2
2022-04-24,1122197,Campaign C,144723,45-49,Female,15,662249,163,234.9399992,2,0
2022-04-25,1122200,Campaign C,144723,45-49,Female,15,559554,139,195.0799994,2,0
2022-04-26,1122201,Campaign C,144724,45-49,Female,16,320757,68,104.6899989,2,0
2022-04-27,1122202,Campaign C,144724,45-49,Female,16,906151,202,295.5499957,1,0
2022-04-28,1122203,Campaign C,144724,45-49,Female,16,699314,164,226.0300014,3,0
2022-04-29,1122204,Campaign C,144724,45-49,Female,16,850337,198,287.690003,3,1
2022-04-30,1122205,Campaign C,144724,45-49,Female,16,1015460,247,315.9000051,9,2
2022-05-01,1122209,Campaign C,144725,45-49,Female,18,890295,227,332.9899989,1,0
2022-05-02,1122210,Campaign C,144725,45-49,Female,18,791817,194,282.490001,4,2
2022-05-03,1122211,Campaign C,144725,45-49,Female,18,317601,76,115.6600008,1,0
2022-05-04,1122212,Campaign C,144725,45-49,Female,18,685211,164,247.3200026,4,3
2022-05-05,1122213,Campaign C,144726,45-49,Female,19,32781,7,11.20000017,2,2
2022-05-06,1122216,Campaign C,144726,45-49,Female,19,76785,19,25.45999998,3,0
2022-05-07,1122217,Campaign C,144726,45-49,Female,19,719083,206,299.5299983,12,5
2022-05-08,1122223,Campaign C,144727,45-49,Female,20,368480,107,140.4200011,5,4
2022-05-09,1122224,Campaign C,144727,45-49,Female,20,260945,73,100.8800011,2,2
2022-05-10,1122225,Campaign C,144728,45-49,Female,21,40998,10,13.35000038,1,0
2022-05-11,1122227,Campaign C,144728,45-49,Female,21,183293,53,73.74999964,2,1
2022-05-12,1122232,Campaign C,144729,45-49,Female,22,221561,55,76.75999916,1,0
2022-05-13,1122233,Campaign C,144729,45-49,Female,22,436943,109,145.8199974,1,1
2022-05-14,1122240,Campaign C,144730,45-49,Female,23,284488,90,125.2700011,1,1
2022-05-15,1122244,Campaign C,144731,45-49,Female,24,85083,32,38.62999976,1,1
2022-05-16,1122246,Campaign C,144731,45-49,Female,24,14167,5,7.139999986,1,0
2022-05-17,1122249,Campaign C,144732,45-49,Female,25,300637,84,116.9899981,2,0
2022-05-18,1122253,Campaign C,144732,45-49,Female,25,449921,129,175.9700005,5,1
2022-05-19,1122254,Campaign C,144732,45-49,Female,25,282899,71,105.6600007,1,0
2022-05-20,1122257,Campaign C,144733,45-49,Female,26,669671,186,259.1799988,4,1
2022-05-21,1122258,Campaign C,144733,45-49,Female,26,108655,28,46.92000186,1,0
2022-05-22,1122260,Campaign C,144733,45-49,Female,26,536248,146,187.7399978,3,0
2022-05-23,1122262,Campaign C,144734,45-49,Female,27,1055017,265,380.6599952,16,2
2022-05-24,1122265,Campaign C,144734,45-49,Female,27,1428421,367,541.7000023,10,0
2022-05-25,1122266,Campaign C,144734,45-49,Female,27,1088027,272,409.5600026,9,4
2022-05-26,1122267,Campaign C,144735,45-49,Female,28,288517,78,102.3900002,3,0
2022-05-27,1122268,Campaign C,144735,45-49,Female,28,202231,53,67.13000107,3,1
2022-05-28,1122270,Campaign C,144735,45-49,Female,28,73222,16,22.86000025,1,0
2022-05-29,1122271,Campaign C,144735,45-49,Female,28,348542,96,134.889999,2,0
2022-05-30,1122273,Campaign C,144736,45-49,Female,29,1097966,266,369.069997,16,8
2022-05-31,1122274,Campaign C,144736,45-49,Female,29,526923,138,198.0899972,2,1
2022-06-01,1122276,Campaign C,144736,45-49,Female,29,264386,66,91.00000054,4,1
2022-06-02,1122277,Campaign C,144736,45-49,Female,29,854940,227,297.9100007,8,3
2022-06-03,1122279,Campaign C,144737,45-49,Female,30,113567,34,50.29000044,3,0
2022-06-04,1122282,Campaign C,144737,45-49,Female,30,22859,6,9.419999838,1,0
2022-06-05,1122288,Campaign C,144738,45-49,Female,31,51754,13,20.51999998,1,0
2022-06-06,1122290,Campaign C,144738,45-49,Female,31,104347,28,38.13999993,4,3
2022-06-07,1122303,Campaign C,144741,45-49,Female,63,391998,97,142.0500025,3,1
2022-06-08,1122304,Campaign C,144741,45-49,Female,63,1111156,282,402.3000026,5,0
2022-06-09,1122308,Campaign C,144741,45-49,Female,63,427772,117,159.299999,3,1
2022-06-10,1122310,Campaign C,144742,45-49,Female,64,536457,136,193.6599991,2,1
2022-06-11,1122311,Campaign C,144742,45-49,Female,64,179894,43,66.83999872,2,0
2022-06-12,1122312,Campaign C,144742,45-49,Female,64,479882,131,178.6700007,6,0
2022-06-13,1122313,Campaign C,144742,45-49,Female,64,358261,91,130.3600011,1,0
2022-06-14,1122316,Campaign C,144743,45-49,Female,65,346688,88,114.8599998,2,0
2022-06-15,1314296,Campaign C,179863,30-34,Male,100,33445,2,3.199999928,1,0
2022-06-16,1314297,Campaign C,179864,30-34,Male,101,72228,5,7.529999852,4,4
2022-06-17,1314298,Campaign C,179865,30-34,Male,102,49699,2,2.690000057,2,1
2022-06-18,1314299,Campaign C,179866,30-34,Male,103,189761,18,27.32999969,4,1
2022-06-19,1314301,Campaign C,179868,30-34,Male,105,312524,37,53.78999972,2,0
2022-06-20,1314303,Campaign C,179870,30-34,Male,107,496760,42,61.00999904,10,3
2022-06-21,1314306,Campaign C,179873,30-34,Male,110,310988,34,46.66999936,11,3
2022-06-22,1314307,Campaign C,179874,30-34,Male,111,98606,9,12.10999984,1,0
2022-06-23,1314308,Campaign C,179875,30-34,Male,112,51104,2,3.199999928,3,1
2022-06-24,1314309,Campaign C,179876,30-34,Male,113,276762,22,32.09000015,5,1
2022-06-25,1314312,Campaign C,179879,35-39,Male,101,33534,2,2.960000038,1,1
2022-06-26,1314313,Campaign C,179880,35-39,Male,102,128859,16,23.69999957,1,0
2022-06-27,1314314,Campaign C,179881,35-39,Male,103,92080,12,16.94000018,3,2
2022-06-28,1314316,Campaign C,179883,35-39,Male,105,211882,33,46.64999926,3,1
2022-06-29,1314318,Campaign C,179885,35-39,Male,107,112776,9,12.67999995,1,0
2022-06-30,1314319,Campaign C,179886,35-39,Male,108,145324,14,19.82000005,2,1
2022-07-01,1314320,Campaign C,179887,35-39,Male,109,106492,14,21.26000023,2,0
2022-07-02,1314321,Campaign C,179888,35-39,Male,110,233845,30,40.73000062,3,0
2022-07-03,1314323,Campaign C,179890,35-39,Male,112,155426,17,25.01000023,3,0
2022-07-04,1314324,Campaign C,179891,35-39,Male,113,97540,8,11.5199995,2,1
2022-07-05,1314325,Campaign C,179892,35-39,Male,114,61441,5,7.700000048,1,0
2022-07-06,1314326,Campaign C,179893,40-44,Male,100,76703,9,12.14999962,3,1
2022-07-07,1314327,Campaign C,179894,40-44,Male,101,68619,10,14.96000034,1,0
2022-07-08,1314330,Campaign C,179897,40-44,Male,104,17559,1,1.49000001,1,1
2022-07-09,1314331,Campaign C,179898,40-44,Male,105,137879,19,28.47000003,2,0
2022-07-10,1314332,Campaign C,179899,40-44,Male,106,67710,10,15.14999998,1,0
2022-07-11,1314333,Campaign C,179900,40-44,Male,107,348180,41,60.22999907,3,1
2022-07-12,1314334,Campaign C,179901,40-44,Male,108,146246,18,28.71999955,3,1
2022-07-13,1314336,Campaign C,179903,40-44,Male,110,187236,24,34.86999965,2,2
2022-07-14,1314337,Campaign C,179904,40-44,Male,111,72157,9,13.50000036,1,1
2022-07-15,1314338,Campaign C,179905,40-44,Male,112,91180,10,13.55999994,1,0
2022-07-16,1314339,Campaign C,179906,40-44,Male,113,86293,6,9.259999871,1,1
2022-07-17,1314341,Campaign C,179908,45-49,Male,100,101410,12,17.94000006,4,0
2022-07-18,1314343,Campaign C,179910,45-49,Male,102,134245,18,25.75000024,2,1
2022-07-19,1314345,Campaign C,179912,45-49,Male,104,125650,20,30.08000076,4,0
2022-07-20,1314346,Campaign C,179913,45-49,Male,105,50406,5,7.26000011,1,1
2022-07-21,1314348,Campaign C,179915,45-49,Male,107,121769,13,18.41999996,2,1
2022-07-22,1314349,Campaign C,179916,45-49,Male,108,267106,34,50.5,4,1
2022-07-23,1314350,Campaign C,179917,45-49,Male,109,365539,57,82.13999915,5,2
2022-07-24,1314351,Campaign C,179918,45-49,Male,110,188758,25,36.60000038,2,1
2022-07-25,1314353,Campaign C,179920,45-49,Male,112,108426,13,19.58000016,1,0
2022-07-26,1314354,Campaign C,179921,45-49,Male,113,138525,9,13.65000045,3,0
2022-07-27,1314355,Campaign C,179922,45-49,Male,114,150858,21,30.26000011,1,0
2022-07-28,1314357,Campaign C,179924,30-34,Female,101,524306,81,113.6800029,10,4
2022-07-29,1314358,Campaign C,179925,30-34,Female,102,104496,9,11.42999983,3,2
2022-07-30,1314359,Campaign C,179926,30-34,Female,103,452519,68,99.52000237,7,2
2022-07-31,1314360,Campaign C,179927,30-34,Female,104,442919,76,110.7800021,21,2
2022-08-01,1314361,Campaign C,179928,30-34,Female,105,596831,86,120.8799992,11,0
2022-08-02,1314362,Campaign C,179929,30-34,Female,106,173912,26,35.54000032,2,1
2022-08-03,1314363,Campaign C,179930,30-34,Female,107,780967,86,119.6400018,20,4
2022-08-04,1314364,Campaign C,179931,30-34,Female,108,132124,8,11.18999994,4,0
2022-08-05,1314365,Campaign C,179932,30-34,Female,109,623137,100,138.9200006,12,1
2022-08-06,1314366,Campaign C,179933,30-34,Female,110,99020,10,14.48000044,4,1
2022-08-07,1314367,Campaign C,179934,30-34,Female,111,665817,117,163.8000002,23,9
2022-08-08,1314368,Campaign C,179935,30-34,Female,112,699232,80,111.9899995,12,3
2022-08-09,1314371,Campaign C,179938,35-39,Female,100,72982,11,15.04999995,1,0
2022-08-10,1314372,Campaign C,179939,35-39,Female,101,975884,167,237.3199975,14,3
2022-08-11,1314373,Campaign C,179940,35-39,Female,102,245607,33,47.87999952,3,1
2022-08-12,1314377,Campaign C,179944,35-39,Female,106,485369,114,164.6400015,3,0
2022-08-13,1314378,Campaign C,179945,35-39,Female,107,866355,139,200.8299961,11,5
2022-08-14,1314379,Campaign C,179946,35-39,Female,108,502710,72,105.2199969,8,2
2022-08-15,1314380,Campaign C,179947,35-39,Female,109,475184,88,127.3200028,4,1
2022-08-16,1314381,Campaign C,179948,35-39,Female,110,357401,47,68.67000008,8,1
2022-08-17,1314382,Campaign C,179949,35-39,Female,111,99810,14,20.05000019,2,0
2022-08-18,1314383,Campaign C,179950,35-39,Female,112,81569,6,9.409999967,3,1
2022-08-19,1314384,Campaign C,179951,35-39,Female,113,441192,53,77.59999979,6,2
2022-08-20,1314385,Campaign C,179952,35-39,Female,114,90470,11,16.73000002,1,1
2022-08-21,1314386,Campaign C,179953,40-44,Female,100,834243,166,246.7499975,18,7
2022-08-22,1314387,Campaign C,179954,40-44,Female,101,696612,152,223.1899948,31,9
2022-08-23,1314388,Campaign C,179955,40-44,Female,102,329333,48,67.60999918,1,0
2022-08-24,1314389,Campaign C,179956,40-44,Female,103,1114711,224,319.0000019,6,0
2022-08-25,1314390,Campaign C,179957,40-44,Female,104,267316,58,82.92999887,3,0
2022-08-26,1314391,Campaign C,179958,40-44,Female,105,228629,38,57,2,0
2022-08-27,1314392,Campaign C,179959,40-44,Female,106,758340,159,233.110002,13,4
2022-08-28,1314393,Campaign C,179960,40-44,Female,107,877535,149,217.7799966,5,2
2022-08-29,1314394,Campaign C,179961,40-44,Female,108,1357386,223,323.0600071,10,1
2022-08-30,1314395,Campaign C,179962,40-44,Female,109,280240,61,87.99000168,2,2
2022-08-31,1314396,Campaign C,179963,40-44,Female,110,419922,75,105.4500008,3,1
2022-09-01,1314397,Campaign C,179964,40-44,Female,111,402975,83,120.8999977,1,0
2022-09-02,1314398,Campaign C,179965,40-44,Female,112,1137635,211,301.0499992,30,10
2022-09-03,1314400,Campaign C,179967,40-44,Female,114,250234,40,62.31999922,4,1
2022-09-04,1314401,Campaign C,179968,45-49,Female,100,904907,195,279.219995,11,1
2022-09-05,1314402,Campaign C,179969,45-49,Female,101,589270,107,158.0500023,10,4
2022-09-06,1314403,Campaign C,179970,45-49,Female,102,168714,24,36.01000071,2,2
2022-09-07,1314404,Campaign C,179971,45-49,Female,103,71982,11,16.34000051,1,0
2022-09-08,1314405,Campaign C,179972,45-49,Female,104,558666,110,162.6399975,14,5
2022-09-09,1314406,Campaign C,179973,45-49,Female,105,1118200,235,333.7499943,11,4
2022-09-10,1314407,Campaign C,179974,45-49,Female,106,107100,23,33.71000051,1,0
2022-09-11,1314408,Campaign C,179975,45-49,Female,107,877769,160,232.5900005,13,4
2022-09-12,1314409,Campaign C,179976,45-49,Female,108,212508,33,47.69000006,4,1
2022-09-13,1314410,Campaign C,179977,45-49,Female,109,1129773,252,358.189997,13,2
2022-09-14,1314411,Campaign C,179978,45-49,Female,110,637549,120,173.8800035,3,0
2022-09-15,1314412,Campaign C,179979,45-49,Female,111,151531,28,40.28999949,2,0
2022-09-16,1314414,Campaign C,179981,45-49,Female,113,790253,135,198.7100005,8,2
2022-09-17,1314415,Campaign C,179982,45-49,Female,114,513161,114,165.6099987,5,2